Image,R,G,B,H,S,V,R/G,R/B,Label
stereo20190406_065607_p0_snap_080.jpg,36.655102040816324,46.69734693877551,22.53857142857143,42.59061224489796,138.78408163265306,46.70816326530612,0.784950250800586,1.6263269344161047,unripe
stereo20190406_065607_p0_snap_080.jpg,36.655102040816324,46.69734693877551,22.53857142857143,42.59061224489796,138.78408163265306,46.70816326530612,0.784950250800586,1.6263269344161047,unripe
stereo20190406_065607_p0_snap_080.jpg,29.87278106508876,29.815581854043394,12.340401051939514,32.414529914529915,165.8777120315582,34.605358316896776,1.0019180974613995,2.420728202598545,fully-ripe
stereo20190406_065607_p0_snap_080.jpg,44.347534602076124,41.756271626297575,17.71128892733564,30.11007785467128,167.3940311418685,49.42279411764706,1.0620566026201579,2.50391203852531,fully-ripe
stereo20190406_065607_p0_snap_080.jpg,24.35574063057704,34.41954193932183,14.251041046995836,44.778108268887564,154.03390838786436,34.437239738251044,0.7076135294705094,1.7090487256174205,unripe
stereo20190406_065607_p0_snap_080.jpg,28.6383,38.6446,15.1814,43.227,164.7675,38.648,0.7410684180795201,1.8864058081561594,unripe
stereo20190406_065607_p0_snap_080.jpg,32.327880859375,40.502685546875,15.881103515625,39.339599609375,163.8984375,41.568359375,0.798166157162576,2.0356180205858028,unripe
stereo20190406_065607_p0_snap_080.jpg,31.874317724791727,43.377046825624824,20.260988221775353,44.46028440103419,149.03138465958057,43.377693191611606,0.7348197424487799,1.5731859494728668,unripe
stereo20190406_065607_p0_snap_080.jpg,40.2645746579417,51.4620761451517,23.05993456276026,41.60603807257585,145.06885782272457,51.47040452111838,0.7824124063756998,1.746082890544558,unripe
stereo20190406_065607_p0_snap_080.jpg,39.485696107078894,46.476387972476196,21.874846828164767,38.692336695258746,140.38882081251768,46.50560844565935,0.8495859797582147,1.8050722076607815,unripe
stereo20190406_065607_p0_snap_080.jpg,40.03700972576531,51.89447146045919,24.713687818877553,42.88052056760204,137.89875637755102,51.914959343112244,0.7715080409132011,1.6200331500040859,unripe
stereo20190406_054921_p0_snap_414.jpg,32.39349112426036,33.753780407626564,20.32051282051282,34.51512163050624,108.77991452991454,34.4258711374096,0.9596993621475218,1.5941268544311429,unripe
stereo20190406_054921_p0_snap_414.jpg,38.44637345679013,38.423418209876544,25.796875,30.45582561728395,95.9957561728395,40.689043209876544,1.0005971681336774,1.4903494533076427,unripe
stereo20190406_054921_p0_snap_414.jpg,38.44637345679013,38.423418209876544,25.796875,30.45582561728395,95.9957561728395,40.689043209876544,1.0005971681336774,1.4903494533076427,unripe
stereo20190406_054921_p0_snap_414.jpg,39.808046875,32.6512890625,18.395546875,25.0816796875,136.88078125,40.6926953125,1.2191872304621265,2.164003359370984,semi-ripe
stereo20190406_054921_p0_snap_414.jpg,48.644514977187065,37.831729815512794,24.06065264828407,22.095268795873835,128.47108708589565,49.88821662368578,1.2858122627825992,2.021744608129329,fully-ripe
stereo20190406_054921_p0_snap_414.jpg,54.04965277777778,35.446736111111115,21.43263888888889,16.808888888888887,150.82256944444444,54.385,1.5248128166222683,2.521837270697706,semi-ripe
stereo20190406_054921_p0_snap_414.jpg,41.095317906574394,34.182417820069205,18.453503460207614,24.423767301038062,141.9313365051903,41.66041306228374,1.2022351988247741,2.2269644203631263,semi-ripe
stereo20190406_054921_p0_snap_414.jpg,40.11867935752528,42.93188578227246,26.24092801903629,34.77558001189768,104.35410469958359,43.34681737061273,0.9344725786391007,1.5288584321346093,unripe
stereo20190406_054921_p0_snap_414.jpg,42.0578,39.5109,22.6487,29.2117,121.3377,43.0764,1.06446042371588,1.856962272906492,semi-ripe
stereo20190406_054921_p0_snap_414.jpg,45.534503271861986,49.811719214753126,33.34235574063058,38.35826888756692,91.64292088042832,49.8546995835812,0.9141321530025438,1.365665040869437,unripe
stereo20190406_054921_p0_snap_414.jpg,42.07004759071981,46.59428911362284,26.33283759666865,36.755353955978585,116.64113622843546,46.62165377751339,0.9029011787070691,1.5976262132790402,unripe
stereo20190406_054921_p0_snap_414.jpg,31.60423875432526,34.70388192041523,21.438581314878892,36.91879325259516,110.1033196366782,34.788116349480966,0.9106828371527246,1.4741751587190883,unripe
stereo20190406_054921_p0_snap_414.jpg,46.288548875432525,50.6154303633218,34.24356617647059,42.82282655709343,92.29438797577855,51.152951989619375,0.914514396065104,1.3517440070187021,unripe
stereo20190406_054921_p0_snap_414.jpg,45.55530020109164,46.50689457052571,31.892703246193623,31.403116920425166,87.05084745762711,47.39284688307958,0.9795384281490718,1.4283921173288272,unripe
stereo20190406_054921_p0_snap_414.jpg,50.2011,41.1942,24.3486,23.0504,137.8559,50.8673,1.2186445619420785,2.0617645114033203,semi-ripe
stereo20190406_054921_p0_snap_414.jpg,63.03465614186851,47.46626297577855,31.640246539792386,19.658628892733564,128.96815527681662,63.519517733564015,1.3279883207606022,1.9922296161724524,semi-ripe
stereo20190405_133623_p0_snap_041.jpg,41.497708333333335,45.26173611111111,24.28263888888889,36.268125,132.509375,47.756458333333335,0.9168384319832115,1.7089448734862533,unripe
stereo20190405_133623_p0_snap_041.jpg,46.129583333333336,39.723333333333336,20.88340277777778,24.49423611111111,145.8325,47.503055555555555,1.161271420339493,2.208910192227787,unripe
stereo20190405_133623_p0_snap_041.jpg,103.36234861591696,76.94442041522491,44.90003243944636,20.23880839100346,148.35434688581316,105.68782439446366,1.343337627663623,2.3020545861468777,fully-ripe
stereo20190406_065607_p0_snap_082.jpg,39.77067221891731,39.25356930398572,16.8139500297442,32.076293872694826,153.10038667459844,42.06870910172516,1.0131731404906326,2.3653364316652516,semi-ripe
stereo20190406_065607_p0_snap_082.jpg,35.06543723973825,37.1219512195122,17.53078524687686,33.93158834027365,142.97784057108865,37.722189173111246,0.9446008801201756,2.0002194279227132,semi-ripe
stereo20190406_065607_p0_snap_082.jpg,47.48583984375,42.080810546875,16.814697265625,29.074951171875,174.595703125,49.641357421875,1.12844377145294,2.8240658070109412,semi-ripe
stereo20190406_065607_p0_snap_082.jpg,38.053093396787624,48.9360499702558,19.19066032123736,41.54417013682332,164.1970553242118,48.9360499702558,0.7776084429338398,1.9828954778445733,unripe
stereo20190406_065607_p0_snap_082.jpg,34.00713860797145,44.3255502676978,20.433224271267104,42.82436049970256,142.07212968471148,44.329565734681736,0.7672128316616927,1.6643052272831698,unripe
stereo20190406_065607_p0_snap_082.jpg,37.78703152885188,46.722635336109455,22.222337894110648,40.33045806067817,136.34696609161213,46.886972040452115,0.8087519714909696,1.7004068025983057,unripe
stereo20190406_065607_p0_snap_082.jpg,33.822873289708504,45.15466983938132,19.188875669244496,43.1192742415229,150.75401546698393,45.15466983938132,0.7490446928207457,1.7626283189502259,unripe
stereo20190406_065607_p0_snap_082.jpg,26.366198510698464,34.76352625129607,15.998892449806768,43.1451597700066,149.90260627768876,34.76628334433028,0.7584440869336319,1.6480004546197424,unripe
stereo20190406_065607_p0_snap_082.jpg,31.362074653596004,41.13017249505137,19.495239890658876,43.64313318880196,144.129512677915,41.14709209162032,0.762507549227854,1.6087033933647141,unripe
stereo20190405_133623_p1_snap_067.jpg,52.911265432098766,58.75019290123457,38.60493827160494,38.96045524691358,89.37403549382717,58.757523148148145,0.9006141735552524,1.370582471962967,unripe
stereo20190405_133623_p1_snap_067.jpg,62.779770710059175,56.15051775147929,35.79354659763314,25.83589127218935,114.23862795857988,63.58700073964497,1.1180619884450727,1.7539405601903921,semi-ripe
stereo20190405_133623_p1_snap_067.jpg,69.4115199704142,47.38701923076923,29.204881656804734,17.40782174556213,148.2296597633136,70.64349112426035,1.4647788877498165,2.3767086961352017,fully-ripe
stereo20190405_133623_p1_snap_067.jpg,51.35756714876033,57.61182851239669,35.986311983471076,38.86776859504132,99.0129132231405,57.61531508264463,0.8914412119951598,1.427141322537753,unripe
stereo20190405_133623_p1_snap_067.jpg,76.34828032544378,80.93814718934911,54.57350221893491,35.14783653846154,85.0885724852071,81.78735207100591,0.9432915571185092,1.3989988406675034,unripe
stereo20190405_133623_p1_snap_067.jpg,66.47827292899409,72.61094674556213,48.45201553254438,38.7969674556213,89.14247411242603,73.00434541420118,0.9155405176926984,1.3720432159093492,unripe
stereo20190405_133623_p1_snap_067.jpg,59.88230399408284,65.62943786982248,42.916605029585796,37.73234097633136,91.98696375739645,65.66577292899409,0.912430409484181,1.3953175000591556,unripe
stereo20190405_133623_p1_snap_067.jpg,64.61251849112426,68.53069526627219,43.81314718934911,36.52634985207101,96.8126849112426,68.77912352071006,0.9428258215069576,1.4747286576926126,unripe
stereo20190406_054921_p0_snap_416.jpg,44.57451499118166,46.261526832955404,33.152872260015116,33.38422776518015,80.26089695137314,47.761715797430085,0.9635329485947393,1.3445140196736949,unripe
stereo20190406_054921_p0_snap_416.jpg,59.9196675900277,41.71693213296399,30.519736842105264,20.597126038781163,130.78081717451525,60.71606648199446,1.4363389195460765,1.9633081460348842,semi-ripe
stereo20190406_054921_p0_snap_416.jpg,42.6724376731302,47.25346260387812,30.4762811634349,38.91326177285318,97.4967105263158,47.69494459833795,0.9030540047469028,1.4001847352189656,unripe
stereo20190406_054921_p0_snap_416.jpg,57.44395953183892,43.82548105534616,28.27668121404483,18.486907359650864,125.78977385439397,57.75466177345765,1.310743089205648,2.031495095978801,semi-ripe
stereo20190406_054921_p0_snap_416.jpg,57.65904509952129,41.95735701688083,26.882275132275133,20.016565885613506,137.74036281179139,59.487087427563615,1.374229347526101,2.1448714205584882,fully-ripe
stereo20190406_054921_p0_snap_416.jpg,34.17207019631172,30.262938726948246,18.252825698988698,26.662998215348008,128.77111838191553,35.25936942296252,1.1291718630802994,1.8721513062326547,semi-ripe
stereo20190406_054921_p0_snap_416.jpg,31.50272763340607,35.91445149771871,22.923179924618132,40.14511009720294,102.50357072009523,35.919361237849635,0.8771599606305422,1.3742732899304746,unripe
stereo20190406_054921_p0_snap_416.jpg,56.44484343579431,39.98728813559322,26.290792875610457,20.087187589773055,134.24001723642633,57.23850904912381,1.4115693249490147,2.14694255260486,semi-ripe
stereo20190406_054921_p0_snap_416.jpg,52.01011302795955,48.52944675788221,30.780933967876265,27.495835812016658,106.17980368828078,52.382807852468765,1.071722547553801,1.6896854457172774,unripe
stereo20190406_054921_p0_snap_416.jpg,33.28822129684711,37.4506246281975,24.57391433670434,39.41894705532421,91.70508625817965,37.93381915526472,0.8888560001005588,1.35461560151086,unripe
stereo20190406_054921_p0_snap_416.jpg,51.98512790005949,56.56885782272457,41.37745389649019,39.47010707911957,74.84756097560975,56.98602022605592,0.9189706264401544,1.2563633196588708,unripe
stereo20190406_054921_p0_snap_416.jpg,34.82436049970256,40.68441403926234,22.947204045211183,40.764425936942295,118.00550267697798,40.690809042236765,0.8559629716300136,1.5175855522631514,unripe
stereo20190406_054921_p0_snap_416.jpg,69.74747174301011,46.94720404521119,28.783462224866152,17.05696014277216,147.13741820345032,70.14604402141582,1.4856573102685449,2.423177829211133,fully-ripe
stereo20190406_054921_p0_snap_416.jpg,42.77067221891731,35.60722784057109,21.07584770969661,23.28896490184414,131.78926234384295,43.02424152290303,1.201179165045601,2.0293680479366363,semi-ripe
stereo20190406_054921_p0_snap_416.jpg,41.72934688581315,34.7504865916955,20.834018166089965,24.63678633217993,129.1062391868512,42.71950692041523,1.2008273543862225,2.0029418484579464,semi-ripe
stereo20190406_054921_p0_snap_416.jpg,41.54438797577855,36.13667820069204,20.800659602076124,26.383434256055363,128.28022275086505,42.37943339100346,1.1496456937352368,1.9972620483155978,semi-ripe
stereo20190405_132743_p0_snap_493.jpg,103.21428571428571,81.50736961451247,34.54365079365079,26.281179138321995,167.52947845804988,108.55498866213152,1.2663182916986857,2.9879371017114877,fully-ripe
stereo20190405_132743_p0_snap_493.jpg,57.76555555555556,74.13333333333334,29.343333333333334,41.873333333333335,161.53333333333333,74.13555555555556,0.7792115255859752,1.9686085153744315,unripe
stereo20190405_132743_p0_snap_493.jpg,49.32785467128028,55.299307958477506,19.73961937716263,35.6280276816609,167.40138408304497,55.432525951557096,0.8920156069251882,2.498925067374829,semi-ripe
stereo20190405_132743_p0_snap_493.jpg,51.84861591695502,60.660899653979236,23.598615916955016,37.78200692041523,157.41176470588235,60.70415224913495,0.854728625282886,2.197103174541324,semi-ripe
stereo20190405_132743_p0_snap_493.jpg,98.80697190426639,124.46852237252861,54.79188345473465,42.75936524453694,146.37408949011447,124.47034339229968,0.7938309387993878,1.8033136961381706,unripe
stereo20190405_132743_p0_snap_493.jpg,99.50378071833649,125.6101134215501,57.113421550094515,42.540170132325144,142.9725897920605,125.67580340264651,0.7921637047071421,1.7422133116106173,unripe
stereo20190405_132743_p0_snap_493.jpg,91.21833648393195,77.79914933837429,33.041115311909266,26.7679584120983,161.97542533081287,94.47258979206049,1.1724848605007827,2.7607515065793904,semi-ripe
stereo20190405_132743_p0_snap_493.jpg,99.66204986149584,84.0145429362881,33.103185595567865,25.10180055401662,169.76108033240996,101.63642659279779,1.1862474580692457,3.0106474033231834,fully-ripe
stereo20190405_132743_p0_snap_493.jpg,56.198960302457465,70.7679584120983,31.679584120982987,40.61294896030246,150.04584120982986,71.57986767485822,0.7941299088197343,1.7739798081956508,unripe
stereo20190405_132743_p0_snap_493.jpg,72.70184304399524,92.29280618311535,37.79399524375743,41.221759809750296,152.99910820451842,92.29518430439953,0.7877302486875006,1.9236342529746475,unripe
stereo20190405_132743_p0_snap_493.jpg,86.26730103806229,107.38927335640139,46.41522491349481,40.35467128027682,148.9636678200692,107.38927335640139,0.8033138721278184,1.85859882426192,unripe
stereo20190405_132743_p0_snap_493.jpg,88.5652,109.7012,47.1168,40.3576,149.4804,109.7012,0.8073311133031258,1.8796943171662088,unripe
stereo20190405_133623_p2_snap_011.jpg,81.13109410430839,63.977465986394556,48.80116213151928,15.809382086167801,101.7436224489796,81.27465986394557,1.2681196445067904,1.662482488856208,fully-ripe
stereo20190405_133623_p2_snap_011.jpg,44.60465277777778,47.02513888888889,30.234583333333333,35.252916666666664,100.98041666666667,48.12423611111111,0.948527624722034,1.475285355619505,unripe
stereo20190405_133623_p2_snap_011.jpg,80.80877551020409,60.78673469387755,44.164693877551024,19.238979591836735,110.0295918367347,81.38142857142857,1.3293815274556586,1.8297139664798994,fully-ripe
stereo20190405_133623_p2_snap_011.jpg,39.241970486111114,44.84136284722222,27.324869791666668,40.25,103.53385416666667,44.88237847222222,0.875128658968835,1.4361260062369545,unripe
stereo20190405_133623_p2_snap_011.jpg,64.71891731112433,54.49092801903629,33.82138607971446,24.799226650803092,119.90139797739441,65.94675788221296,1.1877005546961756,1.9135495518454282,semi-ripe
stereo20190405_133623_p2_snap_011.jpg,77.31831095041322,79.08471074380165,57.12654958677686,32.42252066115702,74.94344008264463,80.27827995867769,0.9776643354522198,1.3534564572012169,unripe
stereo20190405_133623_p2_snap_011.jpg,46.93259985207101,36.89413831360947,23.888221153846153,24.709134615384617,128.67455621301775,48.77912352071006,1.272087905462194,1.9646745524946316,semi-ripe
stereo20190405_133623_p2_snap_011.jpg,51.29997417355372,56.44976756198347,36.52957128099174,38.013558884297524,94.37887396694215,56.62667871900826,0.9087719454204205,1.4043406021806166,unripe
stereo20190405_133623_p2_snap_011.jpg,73.30260724852072,77.3959874260355,55.241401627218934,35.49704142011834,76.00110946745562,78.09273298816568,0.9471110869599336,1.3269502912630593,unripe
stereo20190405_133623_p2_snap_011.jpg,56.34326388888889,60.77118055555555,41.306111111111115,37.80652777777778,84.94506944444444,61.349375,0.9271377337487118,1.3640415118458766,unripe
stereo20190405_133623_p2_snap_011.jpg,49.206319444444446,38.44777777777778,22.04763888888889,23.669930555555556,137.36618055555556,50.42451388888889,1.2798218646245474,2.231817083645704,semi-ripe
stereo20190405_133623_p2_snap_011.jpg,78.20680555555556,58.24034722222222,38.565555555555555,21.81423611111111,131.83055555555555,79.49027777777778,1.342828397448684,2.027892095680404,fully-ripe
stereo20190406_065607_p0_snap_075.jpg,28.201728024042072,33.303906836964686,16.939365480499966,39.19996926439451,133.2958472781914,33.31083942353664,0.8467991366330944,1.6648623236734403,unripe
stereo20190406_065607_p0_snap_075.jpg,50.94615650969529,43.75121191135734,22.673130193905816,26.11288088642659,143.11063019390582,52.21243074792244,1.1644510549423128,2.2469828208175953,semi-ripe
stereo20190406_065607_p0_snap_075.jpg,39.95929783950617,45.80362654320987,24.889081790123456,37.48360339506173,122.82175925925925,46.24903549382716,0.8724044825962602,1.605494414037354,unripe
stereo20190406_065607_p0_snap_075.jpg,32.57436049970256,34.24613325401547,17.12730517549078,33.66701368233195,132.07064247471743,34.66240333135039,0.9511833276549501,1.901895315520119,unripe
stereo20190406_065607_p0_snap_075.jpg,33.554945676776825,39.08227704843821,21.342887052965143,39.30053191489362,126.06334880036215,39.32939112720688,0.8585717011696155,1.5721832698487892,unripe
stereo20190406_065607_p0_snap_075.jpg,37.11529411764706,42.12826989619377,25.47858131487889,38.8198615916955,106.31321799307959,42.35252595155709,0.8810066351890234,1.456724732500129,unripe
stereo20190406_065607_p0_snap_075.jpg,41.27240832956089,47.456994114984155,26.800673381620644,39.173947487550926,118.71010638297872,47.56626301493888,0.8696800208787193,1.5399759678465756,unripe
stereo20190406_065607_p0_snap_075.jpg,42.10751471253961,47.41076278859212,28.10015844273427,37.80321978270711,109.74221933001358,47.61767202354007,0.8881423405667715,1.4984790855738503,unripe
stereo20190405_133623_p1_snap_136.jpg,83.10944444444445,111.46916666666667,54.900555555555556,45.43972222222222,138.8538888888889,111.46916666666667,0.7455822939553225,1.5138176374584604,unripe
stereo20190405_133623_p1_snap_136.jpg,42.549166666666665,49.56527777777778,21.01361111111111,36.36194444444445,151.41,49.92944444444444,0.858446880353699,2.024837434808819,unripe
stereo20190405_133623_p1_snap_136.jpg,82.6232741617357,99.41781722550954,42.72961867192637,39.63297172912557,144.53714661406968,99.51857330703484,0.8310710107787938,1.9336295851318666,unripe
stereo20190405_133623_p1_snap_136.jpg,53.09845496383958,66.31213017751479,28.717291255752794,40.30391190006575,147.094838921762,66.80391190006574,0.8007350512545254,1.8490057436439167,unripe
stereo20190405_133623_p1_snap_136.jpg,70.08925049309664,85.80884286653517,40.45184089414859,39.77284681130835,137.06081525312294,85.9327744904668,0.8168067530527603,1.7326586780046482,unripe
stereo20190405_133623_p1_snap_136.jpg,60.607001133786845,76.21811224489795,36.83134920634921,41.730583900226755,133.98356009070295,76.23710317460318,0.7951783558646235,1.6455271388230235,unripe
stereo20190405_133623_p1_snap_136.jpg,62.690493827160495,76.94308641975309,38.562716049382715,41.37753086419753,130.31975308641975,77.15530864197531,0.8147643745081512,1.625675885747294,unripe
stereo20190405_133623_p1_snap_136.jpg,62.1047335600907,72.34537981859411,36.31590136054422,38.60770975056689,131.9143990929705,74.2046485260771,0.8584477008945306,1.7101246047088055,unripe
stereo20190405_133623_p1_snap_136.jpg,63.0280091927607,62.36850043091066,29.896006894570526,31.377334099396727,144.18679977018098,68.65203964378053,1.010574226597581,2.108241021371892,fully-ripe
stereo20190405_133623_p1_snap_136.jpg,78.54166666666667,96.84730795610425,56.19367283950617,43.70224622770919,113.17429698216735,96.84893689986282,0.8109844270779439,1.397695660755822,unripe
stereo20190405_133623_p1_snap_136.jpg,78.3061084733382,82.84404674945216,42.328661431701974,34.3083911614317,134.29884952520086,85.01470051132213,0.9452230074893818,1.8499543175997484,semi-ripe
stereo20190405_133623_p1_snap_136.jpg,66.85847333820307,82.76894631117604,40.69151753104456,41.0936815193572,131.8483838568298,82.93065193571951,0.8077723378176194,1.6430563656573252,unripe
stereo20190406_065607_p0_snap_010.jpg,53.457175925925924,33.91917438271605,21.187307098765434,18.92380401234568,145.89756944444446,54.261381172839506,1.5760159596633962,2.5230743315320856,fully-ripe
stereo20190406_065607_p0_snap_010.jpg,50.20297731568998,53.926512287334596,34.75011814744801,35.994092627599244,93.90689981096408,54.72778827977316,0.9309515093184648,1.4446846671377467,unripe
stereo20190406_065607_p0_snap_010.jpg,58.96589335180055,60.97801246537396,39.03324099722992,32.74826869806094,95.62153739612188,62.192347645429365,0.9670023882011591,1.5106580119597313,unripe
stereo20190406_065607_p0_snap_010.jpg,30.071365583270346,33.324389014865204,21.167863441672967,38.31475182665659,100.71050642479214,33.341206853111615,0.9023828327663536,1.4206134435814024,unripe
stereo20190406_065607_p0_snap_010.jpg,16.103921398891966,18.842364958448755,10.270299515235457,39.66105436288089,122.0067953601108,18.85448407202216,0.8546651594825158,1.5680074076640687,unripe
stereo20190406_065607_p0_snap_010.jpg,67.58134336803984,47.6189452240833,29.46350158442734,16.688179040289725,139.92550362154822,68.00837483023993,1.4192109644157114,2.2937300998350554,fully-ripe
stereo20190406_065607_p0_snap_010.jpg,26.314534279778393,30.00904605263158,16.365694252077564,38.625043282548475,120.12465373961219,30.017399584487535,0.8768864383346973,1.6079072354272725,unripe
stereo20190406_065607_p0_snap_010.jpg,28.638980263157894,32.46320983379501,18.773935249307478,38.36720914127424,111.36283760387812,32.540988573407205,0.8821977736584221,1.525464141012892,unripe
stereo20190406_065607_p0_snap_010.jpg,46.683372992266506,50.88399762046401,35.03286734086853,41.02662105889352,85.1366745984533,51.01784651992861,0.9174468595412257,1.3325589142461554,unripe
stereo20190406_065607_p0_snap_010.jpg,61.19386600271616,42.25580013580806,26.460502489814395,19.706598008148482,141.45045835219557,62.26858872793119,1.448176376362023,2.3126485560803816,fully-ripe
stereo20190406_065607_p0_snap_089.jpg,31.879135802469136,22.758765432098766,10.288641975308641,23.954814814814814,179.0095061728395,33.03320987654321,1.400740382433191,3.0984754736553155,fully-ripe
stereo20190406_065607_p0_snap_089.jpg,31.484321774827496,37.246986636387454,20.21294436195301,40.126866975281686,125.94803039566774,37.35354616123679,0.8452848449012861,1.5576308742917198,unripe
stereo20190406_065607_p0_snap_089.jpg,50.82583102493075,59.88815789473684,28.788608033240997,40.03739612188366,147.70619806094183,60.08985457063712,0.8486790097547379,1.7654835312429487,unripe
stereo20190406_065607_p0_snap_089.jpg,77.6516620498615,75.53999307479225,33.41274238227147,30.923995844875346,154.74809556786704,80.20256232686981,1.0279541817463058,2.3240127350616833,semi-ripe
stereo20190406_065607_p0_snap_089.jpg,28.521435950413224,35.66051136363637,15.176394628099173,40.536544421487605,152.5389979338843,35.74289772727273,0.7998042333586578,1.8793275910425895,unripe
stereo20190406_065607_p0_snap_089.jpg,31.803280817174514,27.75978185595568,12.962863573407203,27.54336911357341,171.6762898199446,33.68490304709141,1.1456599164071661,2.453412866913832,fully-ripe
stereo20190406_065607_p0_snap_089.jpg,41.29402141582391,34.01650803093397,14.299672813801308,28.164782867340868,174.19988102320048,42.594883997620464,1.2139402797861885,2.8877578582350845,semi-ripe
stereo20190406_065607_p0_snap_089.jpg,44.062760261748956,54.10276621058893,24.08923259964307,40.928167757287326,148.21341463414635,54.103658536585364,0.8144269730307304,1.8291467687075325,unripe
stereo20190406_065607_p0_snap_089.jpg,55.39470553242118,67.11258179654968,30.90258774538965,40.42207019631172,149.32436049970255,67.43575252825698,0.825399586717631,1.7925582175590886,unripe
stereo20190406_054921_p0_snap_420.jpg,56.27839335180055,40.7797783933518,21.14906509695291,22.426073407202217,155.68663434903047,57.83587257617729,1.3800560417075494,2.661033312038736,fully-ripe
stereo20190406_054921_p0_snap_420.jpg,49.827283950617286,41.25851851851852,21.675555555555555,24.555555555555557,148.28432098765433,51.44037037037037,1.2076844652434162,2.2987766488910046,fully-ripe
stereo20190406_054921_p0_snap_420.jpg,46.76933884297521,55.57173553719008,29.98917355371901,39.81454545454545,123.11347107438017,56.15190082644628,0.8416028395522672,1.5595402508773957,unripe
stereo20190406_054921_p0_snap_420.jpg,51.71148003472222,55.391927083333336,27.669921875,35.18804253472222,132.56976996527777,55.941623263888886,0.9335560869973887,1.8688690766688858,unripe
stereo20190406_054921_p0_snap_420.jpg,33.90141676505313,41.9811519649182,21.395935233597573,41.93864901332434,134.11157024793388,42.05886321470737,0.8075387906933839,1.5844785726885529,unripe
stereo20190406_054921_p0_snap_420.jpg,53.433607266435985,42.765570934256054,20.490592560553633,23.57731401384083,160.08580233564012,55.81660899653979,1.2494535581915744,2.607712833652866,fully-ripe
stereo20190406_054921_p0_snap_420.jpg,53.31370523415978,47.139864554637285,25.863005050505052,29.225091827364555,140.4837580348944,56.562270431588615,1.1309683306935137,2.061387859460673,semi-ripe
stereo20190406_054921_p0_snap_420.jpg,39.201104821037255,36.6875,16.68667823228634,29.25328707085464,154.38262417823228,41.71151387874361,1.0685136391386947,2.3492441565000752,semi-ripe
stereo20190406_054921_p0_snap_420.jpg,41.84196583044983,41.6431660899654,19.173713235294116,31.83791089965398,151.13024437716263,44.969831314878896,1.0047736450278184,2.1822556483671907,semi-ripe
stereo20190405_133623_p2_snap_147.jpg,80.78220221606648,70.92711218836565,53.85595567867036,28.534972299168974,98.44234764542936,84.00813711911357,1.138946565483484,1.499967574586825,fully-ripe
stereo20190405_133623_p2_snap_147.jpg,61.712901701323254,68.33707466918715,38.59888941398866,35.77859168241966,114.56828922495274,69.4898393194707,0.90306605849619,1.5988254234771737,unripe
stereo20190405_133623_p2_snap_147.jpg,79.49256395002975,64.5758477096966,42.2995240928019,22.62031528851874,122.90556216537775,80.9622248661511,1.2309950927387106,1.8792775299990117,semi-ripe
stereo20190405_133623_p2_snap_147.jpg,80.1227,60.4459,35.6374,18.5491,143.2582,80.5145,1.3255272358377925,2.2482750570257486,fully-ripe
stereo20190405_133623_p2_snap_147.jpg,95.74241522903034,69.3835514574658,49.266954193932186,17.691106484235576,124.25743604997025,96.53286734086853,1.3799005588337132,1.9433390466714033,fully-ripe
stereo20190405_133623_p2_snap_147.jpg,60.33655562165378,65.9098750743605,38.165526472337895,36.542236763831056,104.97828673408685,65.98587150505651,0.9154401582339461,1.5809172672152867,unripe
stereo20190405_133623_p2_snap_147.jpg,88.4853,101.6208,60.3266,39.9774,113.5783,102.0863,0.8707399596598373,1.4667706340535294,unripe
stereo20190405_133623_p2_snap_147.jpg,80.5141,87.6422,48.2423,36.1556,116.8497,87.6602,0.9186680710128144,1.6689520049931272,unripe
stereo20190405_133623_p2_snap_147.jpg,55.330904223676384,61.35053539559786,34.349048185603806,36.39500297441999,117.42102914931588,63.66597263533611,0.9018812117625704,1.6108419603442394,unripe
stereo20190405_133623_p2_snap_147.jpg,64.0328,74.7171,45.688,41.3337,101.6479,75.0794,0.8570031683505959,1.4015230691816079,unripe
stereo20190405_133623_p2_snap_147.jpg,63.557813846595806,72.88580867566792,42.99181269750072,39.11699224360816,106.11117494972709,73.2777219189888,0.8720189331949404,1.478369835440605,unripe
stereo20190405_135700_p1_snap_016.jpg,51.49809556786703,46.50450138504155,32.84903047091413,26.62084487534626,100.36461218836565,51.91845567867036,1.1073784894003142,1.5677199342691768,semi-ripe
stereo20190405_135700_p1_snap_016.jpg,33.2446,38.1681,22.8178,39.7551,107.2994,38.3153,0.8710046161573102,1.4569584022305384,unripe
stereo20190405_135700_p1_snap_016.jpg,38.381171921475314,43.30026769779893,26.128643664485427,38.65303390838786,106.62671029149315,43.305324211778704,0.8863955143508544,1.4689303327420864,unripe
stereo20190405_135700_p1_snap_016.jpg,44.59919690660321,47.07093991671624,26.810083283759667,34.0465496728138,114.48676383105294,47.514723378941106,0.9474887799271873,1.6635226306213329,unripe
stereo20190405_135700_p1_snap_016.jpg,49.8213875323183,55.32555300201091,32.88860959494398,39.32505027291008,102.75179546107441,55.34128124102269,0.9005129786118479,1.5148518893744454,unripe
stereo20190406_065118_p0_snap_226.jpg,22.48070987654321,16.220293209876544,8.490354938271604,19.002121913580247,167.4346064814815,22.868827160493826,1.3859611368334164,2.6477907651775965,fully-ripe
stereo20190406_065118_p0_snap_226.jpg,38.48823302469136,43.65875771604938,29.05883487654321,40.75308641975309,97.35320216049382,43.76311728395062,0.8815693854442602,1.3244928760316867,unripe
stereo20190406_065118_p0_snap_226.jpg,15.341446124763705,9.916115311909262,4.0978260869565215,19.0508034026465,193.72211720226844,15.62523629489603,1.547121041959669,3.7437920402906735,semi-ripe
stereo20190406_065118_p0_snap_226.jpg,12.29488196786352,15.603302916088078,7.605832176155524,42.07096806189248,155.60265820273756,15.605137869470344,0.7879661219372625,1.6165050080066392,unripe
stereo20190406_065118_p0_snap_226.jpg,19.024696539256198,19.530862603305785,12.178363894628099,30.24783703512397,167.17274664256198,21.60601756198347,0.9740832847394687,1.5621705084656683,semi-ripe
stereo20190406_065118_p0_snap_226.jpg,32.97278405710886,22.616151100535397,12.018738845925045,17.824806662700773,170.9512195121951,33.72040452111838,1.4579301902977817,2.7434456347998553,fully-ripe
stereo20190406_065118_p0_snap_226.jpg,30.76587187589773,21.833453030738294,12.241094513070957,17.57584027578282,166.85270037345592,31.29244469979891,1.409115532088699,2.513324826452235,fully-ripe
stereo20190406_065118_p0_snap_226.jpg,32.2041,34.8069,19.7271,35.7691,120.0948,35.8933,0.9252214574634747,1.6324793646915334,unripe
stereo20190406_065118_p0_snap_226.jpg,34.912700773349194,40.87031528851874,23.0755502676978,39.623438429506244,114.97665080309339,40.931439619274244,0.8542310472668746,1.5129730489023727,unripe
stereo20190406_065118_p0_snap_226.jpg,27.38896868715886,31.22306808388394,17.282031025567367,38.39694053432922,117.96452168916979,31.598534903763287,0.8772027092772737,1.5848225708201433,unripe
stereo20190406_065118_p0_snap_268.jpg,98.15828402366864,102.7192899408284,88.88775147928995,49.526153846153846,77.86970414201184,104.9240828402367,0.9555972838620673,1.1042947014312947,unripe
stereo20190406_065118_p0_snap_268.jpg,18.33373744962776,20.457038453657535,10.277525442251212,36.82818796530292,130.47829724745577,20.49863397308927,0.8962063853522257,1.7838651642355126,unripe
stereo20190406_065118_p0_snap_268.jpg,43.35255673656995,23.017810973858086,12.767882792301062,11.997342717609882,182.0515656420569,43.49267451881643,1.8834344391594031,3.39543552266598,fully-ripe
stereo20190406_065118_p0_snap_268.jpg,46.37591911764706,47.8094723183391,30.790170847750865,33.38586721453287,101.83012543252595,48.873161764705884,0.9700150863139101,1.5061918391114189,unripe
stereo20190406_065118_p0_snap_268.jpg,55.092717609882214,59.045245619074976,42.0247055443838,39.99569089342143,107.91108876759552,60.23484630853203,0.9330591769355323,1.3109599171872284,unripe
stereo20190406_065118_p0_snap_268.jpg,64.32418845159437,53.969477161735135,38.93830795748348,23.164176960643495,125.80472565354783,64.96962079862108,1.1918621397833258,1.6519508757884602,semi-ripe
stereo20190406_065118_p0_snap_268.jpg,55.4216,57.0448,36.5552,33.5606,105.9156,58.6921,0.9715450012016867,1.5161067328022462,unripe
stereo20190405_133623_p2_snap_126.jpg,68.8182132963989,61.96970221606648,42.18836565096953,25.064923822714682,106.43784626038781,70.59072022160665,1.1105136821751584,1.631212679666594,semi-ripe
stereo20190405_133623_p2_snap_126.jpg,99.75848337950139,67.63123268698061,45.358379501385045,15.397680055401661,134.8810595567867,100.05990304709141,1.4750354927117943,2.199339184572574,fully-ripe
stereo20190405_133623_p2_snap_126.jpg,78.23493767313019,75.84297091412742,46.91949445983379,30.84193213296399,109.41603185595568,83.56890581717451,1.0315382746059394,1.6674288992140673,unripe
stereo20190405_133623_p2_snap_126.jpg,81.37842627599244,94.17698487712666,59.138232514177695,42.57218809073724,106.30777410207939,94.35621455576559,0.8641009025841969,1.3760710974203016,unripe
stereo20190405_133623_p2_snap_126.jpg,91.06892561983472,93.33363636363636,57.173305785123965,33.62925619834711,104.92495867768595,96.45314049586777,0.9757352162694031,1.592857163682819,unripe
stereo20190405_133623_p2_snap_126.jpg,68.1109,57.7,36.6465,25.2725,123.0427,70.3965,1.180431337880184,1.8585917185565553,semi-ripe
stereo20190405_133623_p2_snap_126.jpg,86.64767995240928,62.54208804283165,38.03524687685901,18.753271861986914,136.30026769779892,87.12894110648423,1.3854296971788351,2.2780884649454407,semi-ripe
stereo20190405_133623_p2_snap_126.jpg,85.615966796875,99.891845703125,56.21142578125,41.413818359375,117.131591796875,100.121337890625,0.8570865582007263,1.523105852162439,unripe
stereo20190405_133623_p2_snap_126.jpg,54.85856632956573,66.4272754312909,40.58625817965497,44.62641284949435,101.82331945270673,66.46668649613325,0.8258438678230909,1.351653374159321,unripe
stereo20190405_133623_p2_snap_126.jpg,61.79531743751795,69.99209997127262,41.48096811261132,38.12460499856363,106.2159580580293,70.76745188164321,0.8828897637588159,1.4897266228814052,unripe
stereo20190405_133623_p0_snap_175.jpg,53.226466049382715,47.75096450617284,30.638117283950617,29.503279320987655,113.73495370370371,55.458333333333336,1.114667639767269,1.7372623840904502,semi-ripe
stereo20190405_133623_p0_snap_175.jpg,98.7032174556213,69.41771449704142,48.40865384615385,15.386556952662723,127.35660133136095,99.23169378698225,1.4218734216767366,2.0389576909064684,fully-ripe
stereo20190405_133623_p0_snap_175.jpg,77.76765902366864,83.95099852071006,61.51285133136095,38.05075813609467,75.11251849112426,86.14737426035504,0.9263457389494489,1.2642503915521899,unripe
stereo20190405_133623_p0_snap_175.jpg,62.183449074074076,71.82658179012346,53.30073302469136,47.79610339506173,71.5823688271605,72.04648919753086,0.8657441140430755,1.1666525745291736,unripe
stereo20190405_133623_p0_snap_175.jpg,88.43287037037037,101.31230709876543,78.45775462962963,49.84587191358025,65.78086419753086,101.78337191358025,0.8728738311666547,1.1271398157700458,unripe
stereo20190405_133623_p0_snap_175.jpg,48.78131944444444,53.439375,33.212986111111114,37.958958333333335,99.63083333333333,54.23083333333334,0.9128345965142458,1.468741912992459,unripe
stereo20190405_133623_p0_snap_175.jpg,41.633125,43.22770833333333,26.631944444444443,35.98791666666666,112.5325,46.94680555555556,0.9631117857982403,1.5632771183522687,unripe
stereo20190405_133623_p0_snap_175.jpg,52.80416666666667,40.141041666666666,25.16923611111111,19.65013888888889,135.86555555555555,53.694722222222225,1.3154654518061746,2.0979637782379172,fully-ripe
stereo20190405_133623_p0_snap_175.jpg,40.18284722222222,44.76819444444445,25.865625,38.360277777777775,116.056875,46.32006944444444,0.8975755834051269,1.5535225492133566,unripe
stereo20190405_133623_p0_snap_175.jpg,51.19972222222222,59.22770833333333,36.827222222222225,41.54798611111111,96.97576388888889,59.36951388888889,0.8644554215995695,1.3902679928068926,unripe
stereo20190405_133623_p1_snap_036.jpg,55.439750692520775,59.949445983379505,39.95463988919668,36.635214681440445,93.07600415512465,61.084314404432135,0.9247748754866264,1.3875669251580929,unripe
stereo20190405_133623_p1_snap_036.jpg,55.439750692520775,59.949445983379505,39.95463988919668,36.635214681440445,93.07600415512465,61.084314404432135,0.9247748754866264,1.3875669251580929,unripe
stereo20190405_133623_p1_snap_036.jpg,64.39875,69.31736111111111,51.69229166666667,41.401875,74.37791666666666,70.43263888888889,0.9290420131019267,1.24580929700654,unripe
stereo20190405_133623_p1_snap_036.jpg,65.77524038461539,61.89182692307692,43.63748150887574,29.925758136094675,97.46181582840237,68.0837647928994,1.0627450024849805,1.5073102992466212,unripe
stereo20190405_133623_p1_snap_036.jpg,72.53125,49.444344008264466,32.21642561983471,15.43543388429752,141.98360020661158,72.64269111570248,1.4669268403805342,2.251374138836906,fully-ripe
stereo20190405_133623_p1_snap_036.jpg,40.68423611111111,36.10527777777778,22.985069444444445,25.876944444444444,119.45291666666667,42.43909722222222,1.1268220976804288,1.7700280831939696,semi-ripe
stereo20190405_133623_p2_snap_089.jpg,20.828233131487888,24.61088884083045,14.393057958477508,42.80817474048443,110.8295847750865,24.64997837370242,0.846301196319292,1.4471017014284346,unripe
stereo20190405_133623_p2_snap_089.jpg,56.06521739130435,60.55682892249527,40.08931947069943,36.665170132325144,90.2101843100189,61.77989130434783,0.9258280053729422,1.3985072370013425,unripe
stereo20190405_133623_p2_snap_089.jpg,91.98804012345678,61.723572530864196,42.004243827160494,12.70138888888889,136.45968364197532,91.99112654320987,1.4903224400083903,2.189969627885072,fully-ripe
stereo20190405_133623_p2_snap_089.jpg,53.72762345679013,56.704668209876544,33.5258487654321,34.68788580246913,111.70756172839506,57.28761574074074,0.9474989569278979,1.6025726240959914,unripe
stereo20190405_133623_p2_snap_089.jpg,70.5649535123967,66.86583161157024,41.95480371900826,27.761363636363637,104.8384555785124,71.34349173553719,1.0553213989635386,1.6819274657016574,unripe
stereo20190405_133623_p2_snap_089.jpg,93.28896604938272,55.51350308641975,37.910879629629626,13.933063271604938,145.8852237654321,93.765625,1.6804731111892819,2.46074325769638,fully-ripe
stereo20190405_133623_p2_snap_089.jpg,64.9585262345679,69.8335262345679,43.076774691358025,35.426697530864196,104.74228395061728,70.99768518518519,0.9301909904200605,1.507970631977083,unripe
stereo20190405_133623_p2_snap_089.jpg,71.49852071005917,75.6671597633136,52.679456360946745,35.07701553254438,82.76627218934911,76.97781065088758,0.9449080880612564,1.3572369966728381,unripe
stereo20190405_133623_p2_snap_089.jpg,79.38602941176471,63.905439013840834,43.567419982698965,22.83012543252595,115.53908953287197,81.5150302768166,1.2422419470767045,1.8221416650761737,fully-ripe
stereo20190405_133623_p2_snap_089.jpg,81.4801333102493,66.79510041551247,41.59903047091413,23.67797783933518,123.7746277700831,83.0545792936288,1.2198517646484253,1.9587022293752148,semi-ripe
stereo20190405_133623_p2_snap_089.jpg,73.952151816609,53.57217776816609,33.43468858131488,22.301092128027683,133.9878892733564,75.52622188581314,1.380420604374742,2.2118384479152287,fully-ripe
stereo20190405_133623_p2_snap_089.jpg,65.35829368512111,56.778384515570934,33.095588235294116,25.310012975778548,125.20593641868513,66.16317041522491,1.1511120425780481,1.9748334271057564,semi-ripe
stereo20190405_133623_p2_snap_089.jpg,49.91382444598338,56.13508483379501,36.40702908587257,40.544148199445985,99.5492555401662,56.2075398199446,0.889173245253587,1.3709937885432708,unripe
stereo20190406_065607_p0_snap_016.jpg,59.3034375,43.83703125,25.7553515625,17.533671875,143.0626953125,59.425390625,1.3528156967026144,2.3025666852352114,fully-ripe
stereo20190406_065607_p0_snap_016.jpg,31.999768860946745,32.67083487426036,17.34430473372781,33.49093934911242,135.60680935650888,35.41105769230769,0.9794594839559132,1.844971643573781,unripe
stereo20190406_065607_p0_snap_016.jpg,59.794148199445985,39.07254155124654,21.55747922437673,18.565096952908586,159.05782548476455,60.66776315789474,1.5303364081821362,2.773706509932153,fully-ripe
stereo20190406_065607_p0_snap_016.jpg,45.06260850694444,50.26380750868056,27.40131293402778,36.80699327256944,124.36661783854167,51.067545572916664,0.8965218071461073,1.6445413462495402,unripe
stereo20190406_065607_p0_snap_016.jpg,46.93560112847222,31.716389973958332,17.843370225694443,17.31594509548611,158.17485894097223,47.276123046875,1.4798527313002123,2.630420947981875,fully-ripe
stereo20190406_065607_p0_snap_016.jpg,58.0715027700831,39.099549861495845,19.45498614958449,18.474030470914126,166.00692520775624,58.46814404432133,1.4852213931766094,2.9849146370210597,fully-ripe
stereo20190406_065607_p0_snap_016.jpg,48.52920497566252,36.934694429421306,20.298404542996213,28.650081124932395,137.26933477555434,50.17509464575446,1.313918866425402,2.390787954047726,fully-ripe
stereo20190406_065607_p0_snap_016.jpg,26.6296,27.7249,14.303,33.2535,129.632,28.2888,0.9604936499343009,1.861817897072015,unripe
stereo20190406_065607_p0_snap_016.jpg,30.755983875031493,36.94179894179894,20.011904761904763,41.03653313177123,127.78892668178382,36.987528344671205,0.8325521883210134,1.536883613634985,unripe
stereo20190406_065607_p0_snap_016.jpg,18.16005291005291,21.46012849584278,10.109221466364323,38.89298311917359,144.28388762912573,21.468505920886873,0.8462225401560592,1.7963831346107244,unripe
stereo20190406_065607_p0_snap_016.jpg,19.839075484764543,23.46961565096953,11.430098684210526,39.40270083102493,142.22030817174516,23.480739265927976,0.8453085609375705,1.7356856380701005,unripe
stereo20190406_065607_p0_snap_016.jpg,18.083296398891967,22.185595567867036,11.050470914127423,41.400470914127425,153.36662049861496,22.191662049861495,0.8150914043600987,1.636426191712026,unripe
stereo20190406_065607_p0_snap_016.jpg,37.43346260387812,43.94146814404432,24.49301939058172,40.51894736842105,134.36174515235456,44.04711911357341,0.851893568103642,1.5283312654772045,unripe
stereo20190406_065607_p0_snap_016.jpg,58.25267697798929,62.90957763236169,34.317668054729324,34.22114812611541,120.17950624628197,63.90214158239144,0.925974548083402,1.6974539152995367,unripe
stereo20190406_065607_p0_snap_016.jpg,43.54487456747405,33.73113105536332,18.198637543252595,21.335532006920417,151.73080666089965,44.393923010380625,1.2909398616549415,2.3927533331244124,semi-ripe
stereo20190405_133623_p3_snap_013.jpg,74.03352076124567,80.09115484429066,52.4722642733564,39.45544982698962,96.10050821799308,80.85953719723183,0.9243656388963506,1.4109074132286528,unripe
stereo20190405_133623_p3_snap_013.jpg,78.78662109375,48.87060546875,35.81689453125,12.766357421875,140.04638671875,78.94287109375,1.6121471018536608,2.199704919363124,fully-ripe
stereo20190405_133623_p3_snap_013.jpg,57.36310553633218,40.44950259515571,25.626567906574394,20.13851643598616,138.39500432525952,58.64322015570934,1.4181408342409065,2.238422381070861,semi-ripe
stereo20190405_133623_p3_snap_013.jpg,37.082519390979606,41.41195058891123,22.09954036196495,37.027721918988796,122.34745762711864,41.462582591209426,0.8954543292236468,1.6779761933438027,unripe
stereo20190405_133623_p3_snap_013.jpg,39.31796064013841,43.52124783737024,26.258326124567475,38.44323096885813,107.65889922145328,43.694636678200695,0.9034196756688727,1.4973515630852277,unripe
stereo20190405_133623_p3_snap_013.jpg,98.3168,103.5494,90.3956,53.0881,54.4147,106.0086,0.9494675054160134,1.0876280385739971,unripe
stereo20190405_133623_p3_snap_013.jpg,58.07844939446367,65.58472102076125,42.7868187716263,40.49026816608997,92.9657223183391,65.8865160034602,0.885548335573391,1.3573908387662015,unripe
stereo20190405_133623_p3_snap_013.jpg,60.535629325259514,68.64868079584775,42.07601643598616,39.5715830449827,101.7520544982699,68.66068339100346,0.8818176810579618,1.4387202037092905,unripe
stereo20190405_133623_p3_snap_013.jpg,78.01092128027682,85.98048226643598,58.43176903114187,41.5438473183391,86.83580233564014,86.23972750865052,0.907309544571307,1.3350769491153098,unripe
stereo20190405_133623_p3_snap_013.jpg,73.71020761245674,80.19798875432527,50.66538711072664,36.9883758650519,97.40808823529412,80.31536548442907,0.9191028299628409,1.4548431832354307,unripe
stereo20190405_133623_p2_snap_068.jpg,70.69189453125,94.385498046875,42.427001953125,44.047607421875,141.225830078125,94.385498046875,0.748969794135579,1.6662001700556506,unripe
stereo20190405_133623_p2_snap_068.jpg,87.87373587150506,113.70746579417013,52.89753123140987,43.65913146936347,135.8811719214753,113.70746579417013,0.7728052641901176,1.6612064346636735,unripe
stereo20190405_133623_p2_snap_068.jpg,141.1166,177.1238,79.2003,42.1394,139.7105,177.1238,0.7967116335178202,1.7817682784322435,unripe
stereo20190405_133623_p2_snap_068.jpg,137.2677891274238,166.09552458448752,75.74861495844875,41.2827216066482,135.78994979224376,166.11534799168976,0.8264387689339117,1.8121489228711525,unripe
stereo20190405_133623_p3_snap_015.jpg,77.46018005540166,53.77510387811634,43.28116343490305,26.15443213296399,117.31804016620498,78.82358033240997,1.4404466019536204,1.789696856807856,fully-ripe
stereo20190405_133623_p3_snap_015.jpg,67.99459342560553,49.634948096885815,35.73924091695502,21.10434688581315,125.92382136678201,69.03898140138408,1.3698932371995218,1.9025187064944409,semi-ripe
stereo20190405_133623_p3_snap_015.jpg,36.73298611111111,40.826388888888886,23.124305555555555,37.33777777777778,113.35006944444444,40.96451388888889,0.8997361293383184,1.588500469251126,unripe
stereo20190405_133623_p3_snap_015.jpg,39.708888888888886,43.767291666666665,26.210486111111113,37.522083333333335,107.19166666666666,44.133472222222224,0.9072729498225228,1.5149995147194317,unripe
stereo20190405_133623_p2_snap_012.jpg,61.634426652892564,65.890625,43.8645402892562,37.15986570247934,91.58380681818181,66.73398760330579,0.9354049578197654,1.4051079116611567,unripe
stereo20190405_133623_p2_snap_012.jpg,41.553254437869825,45.765625,26.604752218934912,36.96717825443787,111.13239644970415,45.936760355029584,0.907957563308579,1.56187279915984,unripe
stereo20190405_133623_p2_snap_012.jpg,38.80297707100592,43.74278846153846,26.244082840236686,38.822300295857985,105.67067307692308,43.750924556213015,0.887071207964073,1.4785413733758141,unripe
stereo20190405_133623_p2_snap_012.jpg,46.3282174556213,49.76997041420118,29.64737426035503,34.97198594674556,110.9844674556213,50.17289201183432,0.9308466081373457,1.5626409752975123,unripe
stereo20190405_133623_p2_snap_012.jpg,43.27520833333333,44.27840277777778,26.78534722222222,32.738958333333336,113.00527777777778,45.75909722222222,0.9773432609366718,1.615629314714924,unripe
stereo20190405_133623_p2_snap_012.jpg,50.82590277777778,40.29145833333333,22.910763888888887,23.961944444444445,138.85006944444444,52.50597222222222,1.2614557096130758,2.2184280209943927,semi-ripe
stereo20190405_133623_p2_snap_012.jpg,79.4165805785124,83.4919938016529,58.47004132231405,34.75025826446281,79.07760847107438,83.98786157024793,0.9511878618601339,1.358243729610076,unripe
stereo20190405_133623_p2_snap_012.jpg,74.7554012345679,60.29610339506173,36.66512345679013,20.869020061728396,129.82658179012347,75.29745370370371,1.2398046412173953,2.0388689249601986,semi-ripe
stereo20190405_133623_p2_snap_012.jpg,78.75972222222222,58.775555555555556,38.62875,19.256805555555555,129.0011111111111,79.704375,1.340007900864473,2.038888181298655,fully-ripe
stereo20190405_135700_p0_snap_126.jpg,59.111836734693874,43.11693877551021,25.82795918367347,18.694081632653063,142.74775510204083,59.756530612244894,1.3709652100491054,2.288675362523663,fully-ripe
stereo20190405_135700_p0_snap_126.jpg,65.58081632653061,74.97795918367346,52.69857142857143,43.1130612244898,89.40673469387755,75.15775510204081,0.8746678129661973,1.2444512650766508,unripe
stereo20190405_135700_p0_snap_126.jpg,58.54325929752066,62.44679752066116,38.08961776859504,34.76924070247934,104.27427685950413,63.729855371900825,0.9374900274629897,1.5369869102735016,unripe
stereo20190405_135700_p0_snap_126.jpg,34.24956747404844,34.6310553633218,17.678092560553633,31.221345155709344,130.32488105536333,35.946853373702425,0.9889839401337791,1.9374006546648201,unripe
stereo20190405_135700_p0_snap_126.jpg,38.1458025147929,43.72291050295858,23.49796597633136,37.804826183431956,123.5470599112426,43.880824704142015,0.8724440654007022,1.6233654572298375,unripe
stereo20190405_135700_p0_snap_126.jpg,42.30682998614959,41.49974030470914,21.78709314404432,31.30531509695291,131.33119806094183,44.579510041551245,1.0194478201799893,1.941829058523299,semi-ripe
stereo20190405_135700_p0_snap_126.jpg,33.68464335180055,33.72532894736842,17.418888504155124,31.34898718836565,135.96186807479225,36.2639802631579,0.9987933228593676,1.9337987039631341,semi-ripe
stereo20190405_135700_p0_snap_126.jpg,76.34950657894737,67.3692867036011,48.80064058171745,27.3430141966759,124.61569425207756,79.90538434903047,1.1332982577338713,1.5645182117213565,fully-ripe
stereo20190405_135700_p0_snap_126.jpg,47.51275510204081,54.38343253968254,28.684878117913833,38.234197845804985,121.62478741496598,54.41262755102041,0.8736621457417242,1.6563688485286054,unripe
stereo20190406_054921_p0_snap_326.jpg,19.223973825104103,22.05696014277216,11.799375371802498,38.62299226650803,122.67489589530042,22.059785841760856,0.8715600420488215,1.629235186355085,unripe
stereo20190406_054921_p0_snap_326.jpg,37.631802721088434,39.800170068027214,27.21485260770975,34.87060657596372,87.04010770975057,40.399092970521544,0.945518403604392,1.3827665883724745,unripe
stereo20190406_054921_p0_snap_326.jpg,41.50425170068027,43.74702380952381,33.366780045351476,39.42063492063492,73.09141156462584,44.12825963718821,0.9487329331033345,1.2438790679075966,unripe
stereo20190406_054921_p0_snap_326.jpg,21.220686983471076,16.032283057851238,8.614798553719009,22.734762396694215,150.88378099173553,21.767045454545453,1.3236214499633918,2.4632801589433018,fully-ripe
stereo20190406_054921_p0_snap_326.jpg,10.981942041522492,12.002649221453288,5.239835640138408,32.174145761245676,140.36067257785467,12.024545847750865,0.914959080225623,2.0958522055303157,unripe
stereo20190406_054921_p0_snap_326.jpg,10.029411764705882,11.155006487889274,4.941068339100346,34.83731617647059,145.4366349480969,11.199556660899654,0.8990943021549602,2.0298022165202108,unripe
stereo20190406_054921_p0_snap_326.jpg,25.654722222222222,19.498819444444443,11.139930555555555,20.848194444444445,144.9661111111111,26.05673611111111,1.3157057604569027,2.3029496516862524,semi-ripe
stereo20190406_054921_p0_snap_326.jpg,39.20441632231405,23.00180785123967,13.521048553719009,15.057592975206612,162.73489152892563,39.63997933884298,1.7044051290146687,2.8995079169693234,fully-ripe
stereo20190406_054921_p0_snap_326.jpg,44.02181952662722,46.1300850591716,30.99842825443787,34.16826923076923,89.23400517751479,46.73271079881657,0.9542971778003042,1.4201302389911488,unripe
stereo20190406_054921_p0_snap_326.jpg,36.09948224852071,38.11307322485207,25.145525147928993,34.482895710059175,91.59264053254438,38.34162352071006,0.9471677228406865,1.4356219518157238,unripe
stereo20190406_054921_p0_snap_326.jpg,21.59861111111111,23.50958333333333,13.1975,35.85590277777778,117.58916666666667,23.561319444444443,0.9187147903782448,1.6365671335813432,unripe
stereo20190406_054921_p0_snap_326.jpg,28.525347222222223,30.265416666666667,18.20798611111111,34.44819444444445,108.67965277777778,30.335277777777776,0.942506032919704,1.5666384729077973,unripe
stereo20190406_054921_p0_snap_326.jpg,30.574375,33.10666666666667,20.044444444444444,35.78465277777778,104.160625,33.164652777777775,0.9235108467043353,1.5253283687386188,unripe
stereo20190405_133623_p1_snap_079.jpg,91.75038580246914,117.32658179012346,57.105324074074076,42.985532407407405,133.58622685185185,117.32658179012346,0.7820084467005942,1.606686788373487,unripe
stereo20190405_133623_p1_snap_079.jpg,84.80759297520662,108.19344008264463,51.684529958677686,43.28137913223141,133.9111570247934,108.19356921487604,0.7838514522868575,1.6408696496672146,unripe
stereo20190406_054921_p0_snap_120.jpg,20.266458333333333,16.204583333333332,8.996736111111112,22.963055555555556,149.51902777777778,20.95722222222222,1.2506613351193838,2.252643131532184,fully-ripe
stereo20190406_054921_p0_snap_120.jpg,23.905416666666667,26.395972222222223,16.574513888888887,38.56451388888889,105.35125,27.00201388888889,0.9056460360297257,1.442298845319606,unripe
stereo20190406_054921_p0_snap_120.jpg,37.42432851239669,23.879519628099175,14.096461776859504,14.935046487603305,157.87190082644628,37.665676652892564,1.5672138059352425,2.654872020801102,fully-ripe
stereo20190406_054921_p0_snap_120.jpg,37.53004807692308,35.56610576923077,25.350776627218934,30.93278476331361,99.34079142011835,38.966253698224854,1.055219195720871,1.4804293306081229,semi-ripe
stereo20190406_054921_p0_snap_120.jpg,30.70469674556213,29.53014053254438,18.338572485207102,28.555380917159763,110.62333579881657,31.618435650887573,1.0397744742859782,1.674322253114722,semi-ripe
stereo20190406_054921_p0_snap_120.jpg,58.260201446280995,61.381973140495866,49.34878615702479,39.96939566115702,53.33897210743802,61.68892045454545,0.9491417263748306,1.1805799934997536,unripe
stereo20190406_054921_p0_snap_120.jpg,37.90893121301775,40.63822115384615,29.0363350591716,38.827292899408285,81.79003328402366,40.87546227810651,0.9328391058534029,1.3055682847054335,unripe
stereo20190406_054921_p0_snap_120.jpg,50.99160640495868,54.21164772727273,42.320377066115704,41.0599173553719,63.304881198347104,54.42277892561984,0.9406022346980526,1.2048946132107965,unripe
stereo20190406_054921_p0_snap_120.jpg,50.18672520661157,54.86040805785124,42.31340392561984,45.212551652892564,76.03576962809917,55.90560433884298,0.9148075604106556,1.1860712845064154,unripe
stereo20190406_054921_p0_snap_120.jpg,58.35705061983471,62.88003615702479,47.24354338842975,40.283186983471076,73.42252066115702,63.424070247933884,0.9280694621963984,1.2352383856487543,unripe
stereo20190405_133623_p1_snap_148.jpg,60.70774778106509,67.47170857988165,44.64432322485207,39.318324704142015,90.23363535502959,68.13627958579882,0.8997510224849466,1.3598085892628142,unripe
stereo20190405_133623_p1_snap_148.jpg,67.44369452662721,53.475869082840234,35.53559541420118,22.97984467455621,123.74362056213018,69.26238905325444,1.261198425969758,1.897918826498296,fully-ripe
stereo20190405_133623_p1_snap_148.jpg,73.85185185185185,48.71566358024691,33.107831790123456,16.81057098765432,131.99980709876544,74.29282407407408,1.5159772291806528,2.2306453051217283,fully-ripe
stereo20190405_133623_p1_snap_148.jpg,61.60358796296296,66.23148148148148,46.545524691358025,37.629629629629626,80.98360339506173,66.7554012345679,0.9301253313944697,1.3235123062062646,unripe
stereo20190405_133623_p1_snap_148.jpg,57.07735020661157,49.22727272727273,31.58277376033058,25.897339876033058,118.55746384297521,59.56224173553719,1.1594657889778217,1.8072298705443228,fully-ripe
stereo20190405_133623_p1_snap_148.jpg,47.39590277777778,55.91625,37.13131944444444,46.63152777777778,94.06305555555555,56.072361111111114,0.8476229057125383,1.2764396935663478,unripe
stereo20190405_133623_p1_snap_148.jpg,64.20087430747922,69.23052285318559,50.154864958448755,40.19901315789474,74.41564231301939,69.61037049861496,0.9273491285070337,1.2800525245186434,unripe
stereo20190405_133623_p1_snap_148.jpg,78.02802169421487,84.13830061983471,65.84969008264463,54.85111053719008,73.09917355371901,85.89049586776859,0.9273780412203878,1.1849411857045036,unripe
stereo20190405_133623_p1_snap_148.jpg,80.16550925925925,85.96508487654322,57.47723765432099,35.789351851851855,86.7800925925926,86.5264274691358,0.9325355759147023,1.3947346564224812,unripe
stereo20190405_133623_p1_snap_148.jpg,70.25645661157024,76.14127066115702,48.36570247933884,36.43078512396694,94.81340392561984,76.83032024793388,0.9227117800162129,1.4526087389198044,unripe
stereo20190405_135700_p1_snap_049.jpg,80.3679354094579,101.22529796232219,48.222126105344095,43.20818915801615,139.30401768550558,101.30728565936178,0.793951009162375,1.6666191483904695,unripe
stereo20190405_135700_p1_snap_049.jpg,64.16972094960433,85.35016659725115,43.23240316534777,45.80081216159933,128.71605581007913,85.35016659725115,0.7518405175938561,1.484296532423004,unripe
stereo20190405_135700_p1_snap_049.jpg,72.65466983938133,95.41924449732302,45.46757882212968,44.51249256395003,137.81320642474716,95.41983938132064,0.761425670553941,1.5979441998476798,unripe
stereo20190405_135700_p1_snap_049.jpg,73.8465,94.8992,46.5116,44.4003,135.4368,94.9208,0.778157162741397,1.587700361264639,unripe
stereo20190405_135700_p1_snap_049.jpg,90.1467,112.8204,59.4574,44.3526,128.3852,112.8659,0.7990282963871518,1.5161558500445949,unripe
stereo20190405_135700_p1_snap_049.jpg,93.3340275782821,117.45317437517954,58.08840850330365,42.814708417121516,134.680767020971,117.59386670496984,0.7946487621838003,1.6067579387270448,unripe
stereo20190406_054921_p0_snap_412.jpg,35.164412070759624,37.94094693028096,25.979188345473464,35.867845993756504,84.4786680541103,38.13189386056192,0.9268193244407772,1.3535603217289638,unripe
stereo20190406_054921_p0_snap_412.jpg,44.274193548387096,46.01482830385016,31.87955254942768,33.323100936524455,89.80775234131113,47.266129032258064,0.9621720988354007,1.3887955168689081,unripe
stereo20190406_054921_p0_snap_412.jpg,42.8862109375,46.6049609375,31.94296875,41.5980078125,87.87390625,47.07484375,0.9202067950007505,1.3425864654998716,unripe
stereo20190406_054921_p0_snap_412.jpg,44.23563019390582,48.24203601108033,32.58743074792244,37.44442520775623,92.60595567867036,48.307652354570635,0.9169517848340365,1.357444131194193,unripe
stereo20190406_054921_p0_snap_412.jpg,47.06805293005671,40.4109168241966,24.456758034026464,24.57006143667297,128.90040170132326,47.808719281663514,1.16473579373275,1.9245410049509153,semi-ripe
stereo20190406_054921_p0_snap_412.jpg,55.903342590755805,41.59611188256299,26.800733981352906,19.327563975401706,132.49682602658203,56.38558817694902,1.34395563962876,2.08588771377584,semi-ripe
stereo20190406_054921_p0_snap_412.jpg,39.764172335600904,43.007243638196016,30.452506928697407,39.98154446963971,86.02336860670194,43.209561602418745,0.9245922250725901,1.3057762164193565,unripe
stereo20190406_054921_p0_snap_412.jpg,34.865258774538965,38.454491374182034,24.848304580606783,38.1046995835812,96.10113027959548,38.84235574063058,0.9066626150026521,1.4031236871795743,unripe
stereo20190406_054921_p0_snap_412.jpg,43.5561,41.8238,25.0582,30.5311,114.6783,45.0465,1.0414187516632272,1.7381967826113678,semi-ripe
stereo20190406_054921_p0_snap_412.jpg,38.516273788927336,32.68950043252595,18.28416955017301,25.24778330449827,138.0870999134948,39.1501946366782,1.1782456598249869,2.106535526149046,semi-ripe
stereo20190406_054921_p0_snap_412.jpg,52.5683711577133,53.89665326055731,40.36253950014364,33.84774490089055,74.03303648376904,54.80609020396438,0.9753548360420286,1.3024046252956896,unripe
stereo20190406_065607_p0_snap_054.jpg,29.970982142857142,31.80341198979592,13.371651785714286,34.00645727040816,160.7102200255102,33.987723214285715,0.9423823056673992,2.2413805122469417,semi-ripe
stereo20190406_065607_p0_snap_054.jpg,25.4106648199446,35.74203601108033,14.606301939058172,45.0296052631579,156.01350415512465,35.74203601108033,0.7109460049395908,1.7397043775297534,unripe
stereo20190406_065607_p0_snap_054.jpg,36.45879501385041,42.549515235457065,15.799861495844876,36.34279778393352,167.05211218836564,42.683518005540165,0.8568555068969096,2.3075374393670556,semi-ripe
stereo20190406_065607_p0_snap_054.jpg,16.85705061983471,23.625581095041323,8.920163997933884,43.08270919421488,167.9496061466942,23.737861570247933,0.7135081002639027,1.8897670184168143,unripe
stereo20190406_065607_p0_snap_054.jpg,14.756519696139087,21.550571697078862,7.910975800767484,44.56915185214191,168.25056778134544,21.572578118881665,0.6847388113954856,1.8653199573063934,unripe
stereo20190406_065607_p0_snap_054.jpg,32.29639889196676,43.36357340720222,19.961738227146814,44.178150969529085,141.86738227146813,43.36357340720222,0.7447815967764942,1.6179143492074277,unripe
stereo20190406_065607_p0_snap_054.jpg,42.808349609375,27.91015625,11.607666015625,17.817626953125,183.64501953125,43.271728515625,1.533790563120526,3.6879345660363905,fully-ripe
stereo20190406_065607_p0_snap_054.jpg,29.32733491969066,39.88325401546698,14.893218322427126,42.885038667459845,168.59770969660917,39.88325401546698,0.7353293579060464,1.969172451047956,unripe
stereo20190406_065607_p0_snap_054.jpg,25.171316964285715,34.306999362244895,13.951311383928571,43.691187021683675,159.43891501913265,34.46966677295919,0.733707700910442,1.8042245799944214,unripe
stereo20190406_065607_p0_snap_054.jpg,46.19005367036011,38.23766447368421,18.102493074792243,23.881968490304708,167.02319944598338,48.55483898891967,1.2079723546511398,2.5515838047104,semi-ripe
stereo20190406_065607_p0_snap_054.jpg,30.46875,39.501220703125,17.54638671875,41.721923828125,146.55126953125,39.838623046875,0.7713367269235378,1.7364676342602714,unripe
stereo20190406_065607_p0_snap_054.jpg,36.10722784057109,48.68099345627603,21.868828078524686,44.115258774538965,145.31320642474716,48.68099345627603,0.741710837431723,1.65108121935516,unripe
stereo20190406_065607_p0_snap_054.jpg,36.66716240333135,47.76873884592504,21.620464009518145,42.212224866151104,144.4589530041642,47.769928613920285,0.767597295076722,1.6959462769960127,unripe
stereo20190406_065607_p0_snap_054.jpg,30.206127305175492,42.34785841760856,16.892028554431885,45.55205234979179,155.9885484830458,42.3488994646044,0.7132856607397872,1.7881872106697538,unripe
stereo20190406_065607_p0_snap_054.jpg,23.540005948839976,32.99449732302201,12.053093396787627,43.67504461629982,169.71252230814991,32.99449732302201,0.7134522639898572,1.9530244762617583,unripe
stereo20190405_133623_p1_snap_129.jpg,168.05617252066116,190.27543904958677,124.61544421487604,43.74083161157025,98.31327479338843,190.46577995867767,0.8832257306977362,1.3485981620777125,unripe
stereo20190405_133623_p1_snap_170.jpg,98.571044921875,64.18017578125,44.052978515625,13.591796875,136.758544921875,98.709716796875,1.5358485445623649,2.237556366622282,fully-ripe
stereo20190405_133623_p1_snap_170.jpg,78.84235574063058,59.551011302795956,40.54015466983938,18.92935752528257,124.6368233194527,79.99598453301606,1.3239463239386775,1.9447961394021378,semi-ripe
stereo20190405_133623_p1_snap_170.jpg,49.663,39.3513,25.3181,24.63,124.6022,51.4678,1.2620418481621067,1.9615603218407691,semi-ripe
stereo20190405_133623_p1_snap_170.jpg,83.059326171875,84.608154296875,62.568603515625,32.4599609375,75.235595703125,87.247802734375,0.9816939873607775,1.3274918765961297,unripe
stereo20190405_133623_p1_snap_170.jpg,97.952392578125,102.92578125,79.420654296875,37.04248046875,61.764404296875,103.444580078125,0.9516797625602417,1.233336354528316,unripe
stereo20190405_133623_p1_snap_170.jpg,76.17529296875,80.415283203125,55.6083984375,34.826416015625,82.298583984375,81.424560546875,0.94727370795422,1.3698520621097392,unripe
stereo20190405_133623_p1_snap_170.jpg,67.18359375,73.697509765625,52.35693359375,39.44921875,75.702392578125,73.72119140625,0.9116126833529706,1.283184027534027,unripe
stereo20190405_133623_p1_snap_170.jpg,58.88020683711577,68.08618213157139,40.75459638035047,41.253662740591786,105.2186871588624,68.13638322321172,0.8647892471844254,1.4447497366949034,unripe
stereo20190405_133623_p1_snap_170.jpg,57.79373918685121,66.03903546712803,39.487835207612456,40.57601643598616,109.11353806228374,66.20496323529412,0.875144980943417,1.463583005934944,unripe
stereo20190405_133623_p1_snap_170.jpg,63.66731112433076,69.08804283164783,45.822129684711484,35.88578227245687,89.56038072575848,70.23676383105294,0.9215386527027154,1.3894443071058356,unripe
stereo20190405_133623_p1_snap_170.jpg,73.60559190957763,78.2850981558596,51.54089827483641,34.09622248661511,89.69690660321237,79.56722189173111,0.9402246946256314,1.4281004036072402,unripe
stereo20190406_065607_p0_snap_020.jpg,52.96778549382716,54.707947530864196,36.660300925925924,32.58931327160494,92.34953703703704,55.960648148148145,0.9681916102231508,1.4448264118886316,unripe
stereo20190406_065607_p0_snap_020.jpg,58.44135802469136,52.70891203703704,37.092399691358025,27.609182098765434,99.41087962962963,59.22530864197531,1.1087564641072778,1.5755611056541121,semi-ripe
stereo20190406_065607_p0_snap_020.jpg,64.12180249851279,42.999553837001784,27.616745984533015,15.568114217727544,141.89083878643663,64.43679357525282,1.4912198351959791,2.3218441200850934,fully-ripe
stereo20190406_065607_p0_snap_020.jpg,74.38184806428049,41.068298027757486,23.39444850255661,14.932432432432432,172.00675675675674,74.82962016070124,1.8111739108902867,3.1794644041943454,fully-ripe
stereo20190406_065607_p0_snap_020.jpg,36.361986912552055,41.309488399762046,23.86719214753123,39.08075550267698,115.68277810826889,41.44705532421178,0.8802330776488322,1.5235127556127586,unripe
stereo20190406_065607_p0_snap_020.jpg,56.75669244497323,36.5174003569304,18.825996430696016,17.795508625817966,169.27691850089232,57.34250446162998,1.5542365104814104,3.014802563353575,semi-ripe
stereo20190406_065607_p0_snap_020.jpg,107.958251953125,63.127197265625,38.759765625,12.669921875,166.856201171875,108.471435546875,1.7101699351099298,2.785316741707144,fully-ripe
stereo20190406_065607_p0_snap_020.jpg,61.96683521713266,37.59399167162403,23.176383105294466,16.386823319452706,153.499256395003,62.388310529446755,1.6483170841561474,2.673704874421414,fully-ripe
stereo20190406_065607_p0_snap_020.jpg,60.74927335640138,46.31363321799308,31.968581314878893,19.11370242214533,127.10173010380623,61.18460207612457,1.3116928217126305,1.9002799578512337,semi-ripe
stereo20190406_065607_p0_snap_020.jpg,37.58898891966759,30.87716412742382,18.411703601108034,24.32760560941828,137.6145256232687,38.851757271468145,1.2173714072584971,2.0415801447946405,semi-ripe
stereo20190406_065607_p0_snap_020.jpg,34.47249353634013,34.19419706980753,21.04582016661879,33.54661016949152,111.0560183855214,36.87029589198506,1.008138409700932,1.6379726180161638,semi-ripe
stereo20190406_065607_p0_snap_020.jpg,50.32495538370018,34.905116002379536,18.631618084473526,17.567221891731112,161.35291493158834,50.59666864961333,1.4417640371866711,2.7010498038890094,semi-ripe
stereo20190406_065607_p0_snap_020.jpg,64.62447947650209,41.73140987507436,22.32763236168947,16.966983938132064,168.90645449137418,64.95597858417608,1.5485808934840832,2.8943709519186394,fully-ripe
stereo20190406_065607_p0_snap_205.jpg,44.23115079365079,46.30668934240363,31.175736961451246,34.56972789115646,88.15589569160997,46.4906462585034,0.9551782230600004,1.4187679560121695,unripe
stereo20190406_065607_p0_snap_205.jpg,48.56262327416174,50.0,32.03007889546351,32.24194608809994,95.91584483892176,50.69838921761999,0.9712522712327805,1.5161563688647695,unripe
stereo20190406_065607_p0_snap_205.jpg,59.55990304709141,46.687153739612185,30.068905817174514,19.92538088642659,126.38504155124653,59.908414127423825,1.275723309714726,1.980779866132469,semi-ripe
stereo20190406_065607_p0_snap_205.jpg,47.09066358024691,46.425925925925924,27.06712962962963,29.506944444444443,117.04996141975309,48.25327932098765,1.0143180237740728,1.7397724408492021,unripe
stereo20190406_065607_p0_snap_205.jpg,37.9655612244898,39.61050878684807,25.990079365079364,33.866177721088434,104.2641723356009,39.95999858276644,0.9584716986109141,1.4607707072950984,unripe
stereo20190406_065607_p0_snap_205.jpg,39.149161153119096,40.02551984877127,25.21142485822306,31.528296313799622,106.14854087901702,41.28015713610586,0.9781047571646555,1.5528335207129256,unripe
stereo20190406_065607_p0_snap_205.jpg,45.61625,47.129375,31.95984375,32.800625,86.1640625,47.67375,0.9678940219567896,1.427298458773454,unripe
stereo20190406_065607_p0_snap_205.jpg,52.813125,33.76203125,17.5965625,16.91703125,163.64,52.985,1.5642752346912672,3.001330230645769,fully-ripe
stereo20190406_065607_p0_snap_205.jpg,45.913966049382715,31.837577160493826,17.720293209876544,16.983989197530864,154.1460262345679,46.05690586419753,1.4421308316465573,2.5910372698246054,semi-ripe
stereo20190406_065607_p0_snap_205.jpg,43.231404958677686,44.37525826446281,22.854209710743802,32.39992252066116,131.8441373966942,44.974044421487605,0.9742229545753266,1.8916158812612858,unripe
stereo20190406_065607_p0_snap_205.jpg,71.84581611570248,36.78137913223141,21.373321280991735,12.981146694214877,178.29777892561984,72.38068181818181,1.953319812294534,3.361470197189064,fully-ripe
stereo20190406_065607_p0_snap_205.jpg,33.75615916955017,35.44332179930796,22.19916955017301,34.32442906574394,109.37034602076125,36.35110726643599,0.9523980239975427,1.5206039076019409,unripe
stereo20190406_054921_p0_snap_297.jpg,33.78524687685901,34.562760261748956,23.061124330755504,31.703004164187984,92.15318262938727,35.64158239143367,0.9775040201059797,1.4650297072248213,unripe
stereo20190406_054921_p0_snap_297.jpg,32.44125520523498,31.7558001189768,20.571980963712075,29.914931588340274,102.62760261748959,33.879833432480666,1.0215848716719895,1.576962349558663,unripe
stereo20190406_054921_p0_snap_297.jpg,42.71606648199446,31.763157894736842,20.859418282548475,16.13157894736842,128.5003462603878,42.754847645429365,1.3448301700748342,2.0478061959987564,semi-ripe
stereo20190406_054921_p0_snap_297.jpg,38.759375,26.78590277777778,17.716458333333332,15.299791666666666,135.57208333333332,38.877916666666664,1.447005943816695,2.1877596748260872,fully-ripe
stereo20190406_054921_p0_snap_956.jpg,71.97604875283447,77.40717120181407,47.3765589569161,37.12301587301587,111.6030328798186,78.21201814058956,0.929836839881565,1.5192330372908378,unripe
stereo20190406_054921_p0_snap_956.jpg,64.70440051020408,70.75358737244898,43.376833545918366,38.47512755102041,111.01506696428571,71.48509247448979,0.9145033314645226,1.491680703823194,unripe
stereo20190406_054921_p0_snap_956.jpg,31.63237847222222,35.38563368055556,19.941514756944443,38.74761284722222,114.79296875,35.38563368055556,0.8939325438809027,1.586256761093785,unripe
stereo20190406_054921_p0_snap_956.jpg,20.959669421487604,23.36785123966942,13.559421487603306,34.805371900826444,114.23462809917355,23.67809917355372,0.8969442777204764,1.5457631421088678,unripe
stereo20190406_054921_p0_snap_956.jpg,75.490625,79.89118055555555,46.97673611111111,35.91048611111111,115.49361111111111,80.96958333333333,0.9449180125498887,1.6069785851375662,unripe
stereo20190406_054921_p0_snap_956.jpg,37.7833,41.8524,22.7661,36.8024,117.5097,41.8546,0.902774774499246,1.6596291593074088,unripe
stereo20190406_054921_p0_snap_956.jpg,72.47248661511006,80.32763236168947,49.18932183224271,39.81900654372397,104.21177870315289,80.66627007733491,0.9022110506964691,1.4733374883455046,unripe
stereo20190406_054921_p0_snap_956.jpg,68.5645,76.5732,42.8296,38.3046,118.4446,76.6759,0.8954110713133221,1.6008667835172907,unripe
stereo20190406_054921_p0_snap_676.jpg,24.626958936718903,25.609154929577464,14.483287046220989,32.55951200158699,122.33916881571116,26.671840904582425,0.9616463092193938,1.7003696643192594,semi-ripe
stereo20190406_054921_p0_snap_676.jpg,43.667548500881836,46.801839254220205,34.68852355757117,42.463088939279416,80.2687074829932,47.4109977324263,0.9330304079158636,1.2588467721879493,unripe
stereo20190406_054921_p0_snap_676.jpg,44.70505401234568,28.365354938271604,17.852623456790123,12.452932098765432,155.100887345679,44.735918209876544,1.5760436754341898,2.5041153799829137,fully-ripe
stereo20190406_054921_p0_snap_676.jpg,22.58275462962963,24.339313271604937,14.48533950617284,35.207754629629626,110.15625,24.37229938271605,0.9278300130873163,1.5590065410576481,unripe
stereo20190406_054921_p0_snap_676.jpg,49.808819304797474,50.45554438379776,39.29732835392129,34.432203389830505,67.44599253088192,51.289859235851765,0.9871820835803171,1.26748582451583,unripe
stereo20190406_054921_p0_snap_676.jpg,39.42667336972134,39.147155989658145,27.034257397299626,30.57957483481758,91.46997989083597,40.42459063487504,1.007139913528786,1.4583962195202507,unripe
stereo20190406_054921_p0_snap_676.jpg,46.27303200692042,49.17717344290657,35.97891435986159,39.99826989619377,77.51027249134948,49.48302335640138,0.9409451450313782,1.2861149361803328,unripe
stereo20190406_054921_p0_snap_676.jpg,42.5777,45.9631,35.7603,41.4554,70.5473,46.1488,0.9263450623771977,1.1906412444411134,unripe
stereo20190406_054921_p0_snap_676.jpg,27.675467451523545,30.394217451523545,17.688538781163434,36.3711478531856,112.19126558171745,30.461954639889196,0.9105501199418142,1.5645979663970624,unripe
stereo20190405_133623_p2_snap_155.jpg,71.85715277777778,53.64944444444444,35.293819444444445,19.677777777777777,136.04618055555557,73.466875,1.3393827303908177,2.035969287234393,fully-ripe
stereo20190405_133623_p2_snap_155.jpg,69.99590277777777,74.8325,51.59104166666667,36.080625,80.189375,74.89152777777778,0.9353675665533305,1.356745026831903,unripe
stereo20190405_133623_p2_snap_155.jpg,58.5735294117647,65.2888732698962,40.36597102076124,39.060823961937714,100.88208261245674,65.37191825259515,0.8971439926400478,1.4510617091565012,unripe
stereo20190406_054921_p0_snap_283.jpg,24.914501091053364,23.561644514977186,9.7768299940488,29.898680817298157,162.35662566951,27.139406863717518,1.057417299588033,2.5483183836719143,fully-ripe
stereo20190406_054921_p0_snap_283.jpg,30.820246913580245,38.1516049382716,17.341604938271605,39.825185185185184,140.51382716049383,38.16444444444444,0.8078359713853964,1.7772420286857102,unripe
stereo20190406_054921_p0_snap_283.jpg,32.187407407407406,28.688024691358024,13.52283950617284,27.122345679012344,161.42283950617283,34.46604938271605,1.1219802176655738,2.380223738548201,fully-ripe
stereo20190406_054921_p0_snap_283.jpg,24.160502958579883,33.00573224852071,13.285040680473372,43.50887573964497,165.2405695266272,33.00906065088758,0.7320090781979834,1.8186233187722396,unripe
stereo20190405_135700_p0_snap_166.jpg,78.94189342403628,99.55539808516,44.487922020660115,43.26099143361048,140.4040375409423,99.56684618291762,0.7929443004895238,1.7744563489122354,unripe
stereo20190405_135700_p0_snap_166.jpg,83.97301136363636,88.92923553719008,36.45880681818182,34.05423553719008,155.35266012396696,95.0444214876033,0.9442676687110649,2.3032291964493883,unripe
stereo20190405_135700_p0_snap_166.jpg,100.23347107438016,83.18323863636364,38.16942148760331,25.441890495867767,159.31714876033058,105.23489152892562,1.2049718268704763,2.626014251926546,fully-ripe
stereo20190405_135700_p0_snap_166.jpg,96.24315599173553,63.72301136363637,26.75361570247934,18.15960743801653,180.39475723140495,96.56882747933884,1.5103357300420917,3.5973873994512973,fully-ripe
stereo20190405_135700_p0_snap_166.jpg,86.174375,74.87222222222222,40.94277777777778,24.93201388888889,133.41465277777777,87.11020833333333,1.1509523950646054,2.1047510361952497,fully-ripe
stereo20190405_133623_p2_snap_088.jpg,95.61777210884354,69.65943877551021,52.32397959183673,18.327239229024944,119.67998866213152,95.71811224489795,1.3726461203703832,1.827417459080017,fully-ripe
stereo20190405_133623_p2_snap_088.jpg,79.80328798185941,52.0422335600907,34.01729024943311,19.17063492063492,137.77423469387756,80.86139455782313,1.5334328907191395,2.3459618310888533,fully-ripe
stereo20190405_133623_p2_snap_088.jpg,58.73937074829932,60.70634920634921,37.5905612244898,33.78769841269841,104.89172335600907,63.1594387755102,0.9675983128659746,1.5626091552987984,unripe
stereo20190405_133623_p2_snap_088.jpg,56.900493827160496,62.18333333333333,38.729876543209876,37.00987654320988,101.69814814814815,62.544320987654324,0.9150439776476127,1.4691624196646733,unripe
stereo20190405_133623_p2_snap_088.jpg,67.06851239669422,68.1290909090909,47.895785123966945,32.10892561983471,85.57239669421487,70.98760330578513,0.9844326653626047,1.4003006364776536,unripe
stereo20190405_133623_p2_snap_088.jpg,62.759515570934255,54.35050821799308,30.477995242214533,26.394193339100347,131.7111267301038,63.84407439446367,1.154717887310913,2.059173987016945,semi-ripe
stereo20190405_133623_p2_snap_088.jpg,82.99593144044321,67.73978531855956,42.653047091412745,23.342364958448755,122.8957756232687,84.08682479224376,1.2252167437196808,1.9458378156240672,semi-ripe
stereo20190405_133623_p2_snap_088.jpg,76.10677984429066,63.5750973183391,41.4253892733564,26.99837802768166,117.96696583044982,80.04265787197232,1.1971160262962959,1.837200876256618,fully-ripe
stereo20190405_133623_p2_snap_088.jpg,20.535845588235293,24.280276816608996,13.018814878892734,40.95236807958477,126.38819204152249,24.33255839100346,0.8457826607792661,1.5773962534460246,unripe
stereo20190405_133623_p2_snap_088.jpg,72.61072664359861,51.35742863321799,31.056823096885815,21.799740484429066,141.1566284602076,74.02465397923875,1.4138307629040126,2.337995197935348,fully-ripe
stereo20190405_133623_p2_snap_088.jpg,49.38911011080332,55.89322195290859,34.84933344875346,39.78194252077562,106.88434903047091,56.11275103878116,0.8836331052105709,1.4172178073722055,unripe
stereo20190406_054921_p0_snap_497.jpg,47.4492728531856,57.05799861495845,28.148891966759003,40.35595567867036,135.98788088642658,57.062846260387815,0.8315970712084437,1.6856527089127091,unripe
stereo20190406_054921_p0_snap_497.jpg,32.88831018518518,42.177083333333336,18.290123456790123,40.933449074074076,151.36323302469137,42.526234567901234,0.7797671102003831,1.7981448994280333,unripe
stereo20190406_054921_p0_snap_497.jpg,33.664351851851855,44.75578703703704,18.87403549382716,43.71180555555556,148.82484567901236,44.75578703703704,0.7521785797713173,1.783632017993277,unripe
stereo20190406_054921_p0_snap_497.jpg,30.469653925619834,42.95144628099174,18.40650826446281,45.17742768595041,154.10356404958677,42.95144628099174,0.709397458523525,1.6553730307837273,unripe
stereo20190406_054921_p0_snap_497.jpg,54.821151859504134,63.74251033057851,27.362474173553718,37.53112086776859,152.63365185950414,64.27376033057851,0.8600405439758768,2.003515160092433,unripe
stereo20190406_054921_p0_snap_497.jpg,43.304493801652896,56.87487086776859,21.44576446280992,42.34478305785124,165.119576446281,56.87487086776859,0.761399288067676,2.0192553025655084,unripe
stereo20190406_054921_p0_snap_497.jpg,44.35537190082645,35.62267561983471,15.773631198347108,24.02995867768595,163.11415289256198,45.20867768595041,1.2451439617491775,2.811993207089963,semi-ripe
stereo20190406_054921_p0_snap_497.jpg,55.5625,40.89293981481482,19.561149691358025,20.218942901234566,167.87326388888889,56.833140432098766,1.3587305452802196,2.840450202170125,fully-ripe
stereo20190406_054921_p0_snap_497.jpg,47.359791666666666,50.17104166666667,22.11611111111111,33.50861111111111,149.41243055555555,51.98777777777778,0.9439664924969514,2.1414149175948025,semi-ripe
stereo20190406_054921_p0_snap_497.jpg,40.87625,52.350138888888885,24.05666666666667,41.960972222222225,142.668125,52.57618055555555,0.7808239492643702,1.6991644592637691,unripe
stereo20190405_133623_p0_snap_048.jpg,64.02277777777778,77.68888888888888,45.5325,42.98694444444445,108.22805555555556,77.7136111111111,0.8240917131460895,1.4060893585215877,unripe
stereo20190405_133623_p0_snap_048.jpg,71.41777777777777,87.13583333333334,47.35944444444444,41.971111111111114,117.74888888888889,87.1425,0.8196142373302456,1.5079940978111397,unripe
stereo20190405_133623_p0_snap_048.jpg,96.96166666666667,89.59527777777778,51.96277777777778,28.84861111111111,128.73305555555555,99.91444444444444,1.082218374108688,1.8659827698492526,semi-ripe
stereo20190405_133623_p0_snap_048.jpg,95.72805555555556,110.78527777777778,64.03972222222222,39.42944444444444,110.66722222222222,111.025,0.8640863554696427,1.4948228581495733,unripe
stereo20190405_133623_p0_snap_048.jpg,94.2770083102493,112.96018005540166,74.672783933518,45.053150969529085,87.8424515235457,113.07271468144044,0.8346038393172928,1.2625348985091562,unripe
stereo20190405_133623_p0_snap_048.jpg,44.87238599143361,53.93543713781809,27.883534895439656,40.32048374905518,129.44734189972286,55.00472411186697,0.8319646609543039,1.609278381199389,unripe
stereo20190405_133623_p0_snap_048.jpg,53.98085159989922,52.82615268329554,33.80568153187201,31.51329050138574,126.53206097253717,58.56758629377677,1.0218582773752902,1.5967977329795504,semi-ripe
stereo20190405_133623_p0_snap_048.jpg,77.09443783462225,65.360499702558,34.80413444378346,27.213265913146937,143.941998810232,80.27141582391434,1.1795262641840294,2.215093606428026,semi-ripe
stereo20190405_133623_p0_snap_048.jpg,45.61674598453302,34.0435752528257,16.94735276621059,20.65779298036883,159.42549077929803,46.20746579417014,1.3399512902580293,2.6916722450458805,fully-ripe
stereo20190405_133623_p0_snap_048.jpg,106.900146484375,115.01318359375,74.749755859375,36.3017578125,91.501953125,115.517578125,0.9294598571183761,1.4301067736517565,unripe
stereo20190405_133623_p0_snap_048.jpg,69.81298828125,85.12744140625,49.4755859375,42.817138671875,113.157958984375,85.12939453125,0.820099593350734,1.411059067776388,unripe
stereo20190405_133623_p0_snap_048.jpg,34.9895,43.714,21.0111,41.2387,135.9015,44.0707,0.8004184470836695,1.6652856512578347,unripe
stereo20190405_133623_p0_snap_048.jpg,81.53985722784057,97.6191255205235,59.2412254610351,42.64946460440214,103.66374182034504,97.71341463414635,0.8352855901976062,1.3764037261085145,unripe
stereo20190405_133623_p0_snap_048.jpg,62.63920285544319,77.39277215942892,47.140243902439025,44.83863771564545,105.98126115407496,77.3954491374182,0.8093675031142646,1.3287837393723128,unripe
stereo20190405_133623_p0_snap_048.jpg,77.98051754907793,93.92177275431291,55.983938132064246,42.689173111243306,107.20493753718026,94.15466983938133,0.8302708409301041,1.392908505936818,unripe
stereo20190405_133623_p3_snap_009.jpg,44.50563979289941,50.39737426035503,30.384707840236686,39.06074334319526,107.84153106508876,50.40726701183432,0.8830942408237178,1.4647376364299562,unripe
stereo20190405_133623_p3_snap_009.jpg,61.28819444444444,66.35956790123457,43.03047839506173,36.66454475308642,93.44328703703704,66.42901234567901,0.923577219488375,1.4242969747812113,unripe
stereo20190405_133623_p3_snap_009.jpg,48.07600308641975,48.983024691358025,29.74729938271605,33.07137345679013,106.70466820987654,50.54320987654321,0.9814827396739815,1.616146269495995,unripe
stereo20190405_133623_p3_snap_009.jpg,77.13078703703704,48.12750771604938,29.55516975308642,15.882523148148149,156.02430555555554,77.75443672839506,1.6026338090425918,2.6097214661325934,fully-ripe
stereo20190405_133623_p3_snap_009.jpg,46.738680555555554,44.71006944444444,29.317013888888887,29.118055555555557,114.15152777777777,49.50680555555556,1.0453723441406941,1.5942505191759744,semi-ripe
stereo20190405_133623_p3_snap_009.jpg,34.962986111111114,38.47347222222222,21.309652777777778,36.653125,119.51944444444445,38.66569444444445,0.9087554359952515,1.6407104361863176,unripe
stereo20190405_133623_p3_snap_009.jpg,34.962916666666665,38.840833333333336,22.235069444444445,38.715069444444445,117.14381944444445,39.16180555555555,0.9001585358642658,1.5724214862385995,unripe
stereo20190406_054921_p0_snap_1068.jpg,58.99070069204152,75.59180363321799,41.50913711072664,45.79022491349481,114.12678416955018,75.59180363321799,0.7803847778844494,1.4211494284544661,unripe
stereo20190406_054921_p0_snap_1068.jpg,75.25165406427222,65.11684782608695,25.6031427221172,25.96632797731569,168.71112948960302,76.84546313799622,1.1556401303215997,2.9391557704245663,semi-ripe
stereo20190406_054921_p0_snap_1068.jpg,41.490779298036884,55.63191552647234,25.217876264128495,44.67177275431291,142.8773051754908,55.632510410469955,0.745808794238006,1.6452917133287246,unripe
stereo20190406_054921_p0_snap_1068.jpg,67.69021415823914,84.66969066032124,32.57614515169542,40.21341463414634,156.37879238548484,84.71638905413444,0.7994620700243105,2.0779067954161623,unripe
stereo20190406_054921_p0_snap_1068.jpg,68.59415397874174,82.67293881068659,32.915828784831945,39.442329790290145,153.56614478598104,82.68881068658432,0.8297049393486134,2.0839254447421474,unripe
stereo20190406_054921_p0_snap_830.jpg,41.61789772727273,51.61179622933884,26.155604338842974,43.35236957644628,130.99948347107437,51.6159284607438,0.8063639071715909,1.591164986152405,unripe
stereo20190406_054921_p0_snap_830.jpg,50.2198828125,60.718359375,30.5316796875,40.9341015625,134.0058984375,60.788515625,0.827095380350866,1.6448445312563413,unripe
stereo20190406_054921_p0_snap_830.jpg,32.177572873289705,35.82450922070196,19.593842950624627,36.9681737061273,121.55517549077929,35.96861986912552,0.8981997127457667,1.6422279453854902,unripe
stereo20190406_054921_p0_snap_830.jpg,62.154553289284685,50.562912956047114,26.420353346739443,22.944915254237287,149.97550991094514,64.63085320310256,1.2292515870436098,2.3525245460696977,semi-ripe
stereo20190406_054921_p0_snap_830.jpg,36.199583581201665,28.754461629982153,16.642028554431885,22.754759071980963,146.62849494348603,37.40749553837002,1.2589201445613256,2.1751892631904446,semi-ripe
stereo20190406_054921_p0_snap_830.jpg,42.58740304510198,40.26027003734559,20.897874174087907,28.321243895432346,136.4324906636024,43.62453318012066,1.0578019578005353,2.0378810931447187,semi-ripe
stereo20190406_054921_p0_snap_830.jpg,38.551513671875,47.82861328125,24.709228515625,42.28662109375,128.85107421875,47.82861328125,0.8060343582372805,1.560206464780239,unripe
stereo20190406_054921_p0_snap_830.jpg,33.5,41.291641879833435,20.60930993456276,41.82198096371208,133.4272754312909,41.37224866151101,0.8113020059718457,1.6254781868769472,unripe
stereo20190406_054921_p0_snap_830.jpg,25.4799,32.117,15.9092,42.5497,138.4436,32.117,0.7933459559280269,1.6015817253025135,unripe
stereo20190406_054921_p0_snap_830.jpg,35.6696,40.9369,21.3721,37.8922,124.3486,41.2301,0.8713310310915015,1.6689788701255985,unripe
stereo20190406_054921_p0_snap_830.jpg,48.94606434932491,51.774777362826775,28.114622234989945,32.82038207411663,125.06528296466533,54.47622809537489,0.9453648550272399,1.7409462780882226,unripe
stereo20190406_063426_p0_snap_310.jpg,57.65796313799622,53.734404536862,30.994683364839318,26.192934782608695,122.18572778827978,58.724125708884685,1.0730174253307003,1.860252736147536,unripe
stereo20190406_063426_p0_snap_310.jpg,85.55824669187146,44.944234404536864,22.61625708884688,11.836129489603024,182.18549149338375,85.55824669187146,1.903653022215117,3.783040161126509,fully-ripe
stereo20190406_063426_p0_snap_310.jpg,92.47022684310019,52.92095935727788,27.88008034026465,13.715028355387524,171.5578922495274,92.656190926276,1.7473267773841967,3.316711879859082,fully-ripe
stereo20190406_063426_p0_snap_310.jpg,85.6312618147448,57.28225425330813,26.414815689981097,17.16469754253308,169.9258034026465,85.8132088846881,1.494900086981102,3.241787881538963,fully-ripe
stereo20190406_063426_p0_snap_310.jpg,81.82421487603305,54.12214876033058,35.23380165289256,15.1999173553719,139.22578512396694,81.97421487603306,1.5118431479863104,2.322320834377157,fully-ripe
stereo20190406_063426_p0_snap_310.jpg,70.35612880886427,64.30211218836565,36.15339335180055,25.05211218836565,128.00796398891967,70.99220914127424,1.094149406185446,1.9460444186746337,unripe
stereo20190406_063426_p0_snap_310.jpg,78.56922398589066,80.8378054925674,47.84800957420005,34.50188964474679,104.8490803728899,81.51398337112623,0.9719365065365314,1.6420580137919787,unripe
stereo20190406_063426_p0_snap_310.jpg,79.24174855127237,81.37855883093978,51.16767447719829,34.53747795414462,95.85178886369363,82.62024439405391,0.9737422234088859,1.5486678625565837,unripe
stereo20190406_063426_p0_snap_310.jpg,75.44943289224953,73.23771266540643,38.04784971644612,29.457466918714555,125.62452741020795,77.00023629489603,1.030199057894625,1.983013852935245,unripe
stereo20190406_063426_p0_snap_310.jpg,79.4953,68.1244,34.5319,25.0959,141.9515,80.4273,1.1669135923525797,2.3020823348607125,unripe
stereo20190406_063426_p0_snap_310.jpg,83.97874174087906,79.31334386670497,39.367566791151965,28.37539500143637,133.7102125825912,84.78590922148808,1.0588222240861835,2.1331956037424593,unripe
stereo20190406_063426_p0_snap_310.jpg,68.41448542534206,65.57792980368828,31.163741820345034,27.35990481856038,140.6563057703748,69.11986912552052,1.0432545705178473,2.195322495819587,unripe
stereo20190406_063426_p0_snap_310.jpg,42.88786436644854,46.12775133848899,26.6656751933373,35.28866745984533,112.33878643664485,46.707317073170735,0.9297625360947858,1.608354109616674,unripe
stereo20190406_063426_p0_snap_310.jpg,47.61243307555027,51.59651992861392,28.3662998215348,36.08551457465794,117.96624033313503,51.697650208209396,0.9227836279188576,1.678485265623251,unripe
stereo20190405_133623_p2_snap_122.jpg,66.33603395061728,67.22820216049382,47.991898148148145,39.673225308641975,86.55092592592592,68.796875,0.9867291099792056,1.3822337246071132,unripe
stereo20190405_133623_p2_snap_122.jpg,48.28930055401662,54.33604570637119,31.866343490304708,38.211391966759,108.35474376731302,54.4492728531856,0.8887156037782559,1.5153695125081874,unripe
stereo20190405_133623_p2_snap_122.jpg,99.77492252066116,73.55281508264463,57.163868801652896,25.68517561983471,114.3881714876033,99.83561466942149,1.3565070057955373,1.7454190410496806,fully-ripe
stereo20190405_133623_p2_snap_122.jpg,77.04763004001231,73.84087411511234,49.89173591874423,30.975223145583257,101.35841797476147,80.10472453062481,1.0434277834471875,1.5442961279706522,unripe
stereo20190405_133623_p2_snap_122.jpg,63.02332361516035,65.57080383173678,45.44689712619742,33.090483132028325,87.19294044148272,67.5128071636818,0.9611490224429176,1.3867461528274423,unripe
stereo20190405_133623_p2_snap_122.jpg,79.35207100591715,80.41401627218934,55.13896079881657,31.576275887573964,85.7241124260355,82.31009615384616,0.9867939050498773,1.4391286209429983,unripe
stereo20190405_133623_p2_snap_122.jpg,97.80304783950618,53.52160493827161,35.36496913580247,12.048804012345679,158.90740740740742,98.12635030864197,1.8273560682409513,2.765533876435777,fully-ripe
stereo20190405_133623_p2_snap_122.jpg,83.29308431952663,75.78448594674556,51.39108727810651,25.218472633136095,98.62102440828403,84.54410133136095,1.0990781594438184,1.620768746555075,semi-ripe
stereo20190405_133623_p2_snap_122.jpg,67.50157174556213,68.63341346153847,45.33995931952663,32.99537721893491,90.48113905325444,70.27015532544378,0.9835087387617985,1.4887873273546997,unripe
stereo20190405_133623_p2_snap_122.jpg,60.90263429752066,60.26485020661157,36.0573347107438,31.560563016528924,107.47352789256199,62.64346590909091,1.0105828519094304,1.6890493403241045,unripe
stereo20190405_133623_p2_snap_122.jpg,60.5005787037037,60.111111111111114,33.81153549382716,30.005979938271604,122.77160493827161,61.93962191358025,1.0064789607213065,1.7893467399988874,unripe
stereo20190405_133623_p2_snap_122.jpg,73.54742973372781,77.35983727810651,53.697762573964496,35.29132766272189,79.61131656804734,77.49066198224853,0.9507183936044603,1.3696551310842913,unripe
stereo20190405_133623_p2_snap_122.jpg,71.17141272189349,76.74630177514793,50.26738165680474,37.187315088757394,91.6826923076923,76.96560650887574,0.9273593880369413,1.4158564901837105,unripe
stereo20190405_133623_p2_snap_122.jpg,72.57166838842976,50.76717458677686,32.2292097107438,15.729726239669422,145.99845041322314,73.05346074380165,1.4294995670753077,2.2517351968107855,fully-ripe
stereo20190406_054921_p0_snap_401.jpg,26.525207100591714,34.41005917159763,15.476390532544379,42.71455621301775,143.13076923076923,34.41005917159763,0.770855965685935,1.7139131960828666,unripe
stereo20190406_054921_p0_snap_401.jpg,33.400926246537395,31.899844182825486,14.538348337950138,28.753981994459835,154.12512984764544,35.424125692520775,1.0470557656818402,2.2974345156529425,semi-ripe
stereo20190406_054921_p0_snap_401.jpg,49.432849755817294,37.622450445274346,16.054869290433782,21.88078138465958,175.50703820741165,51.318802068371156,1.3139185787097136,3.0789923026871717,fully-ripe
stereo20190406_054921_p0_snap_401.jpg,36.9295,46.7046,21.5205,41.4447,143.3447,46.7288,0.7907035301226152,1.7160141650918124,unripe
stereo20190406_054921_p0_snap_401.jpg,45.0239,56.5695,27.5285,41.5779,134.7531,56.5969,0.7959040126032556,1.6355371213334828,unripe
stereo20190406_054921_p0_snap_401.jpg,28.1830851800554,38.239395775623265,16.717797783933516,44.1340027700831,150.45489958448752,38.30098684210526,0.7370168183424404,1.6858122514807519,unripe
stereo20190405_135700_p0_snap_157.jpg,70.07180650037793,53.72675736961451,40.5688460569413,18.269967246157723,115.39449483497103,70.60808767951625,1.3042252480652214,1.7272315098564062,fully-ripe
stereo20190405_135700_p0_snap_157.jpg,60.11772853185595,63.425380886426595,44.43040166204986,39.46243074792244,81.6608379501385,63.67157202216067,0.947849555070247,1.3530761089752714,unripe
stereo20190405_135700_p0_snap_157.jpg,90.01877551020408,56.39775510204082,37.546938775510206,11.878571428571428,142.73530612244897,90.08428571428571,1.5961408284057454,2.397499089697492,fully-ripe
stereo20190405_135700_p0_snap_157.jpg,82.69110576923077,79.94443417159763,60.77218934911242,34.32757026627219,79.03078772189349,84.20460428994083,1.0343571292050957,1.3606732462355497,unripe
stereo20190405_135700_p0_snap_157.jpg,78.81043388429752,79.74431818181819,63.96732954545455,34.44976756198347,57.07502582644628,80.75968491735537,0.9882888937832497,1.2320417645053945,unripe
stereo20190405_135700_p0_snap_157.jpg,74.79149926953981,74.92759313367422,52.36244521548576,31.025383491599708,82.87244338933529,77.0316380569759,0.9981835283868403,1.4283421004945707,unripe
stereo20190405_135700_p0_snap_157.jpg,73.79798210372535,53.41462746530314,33.155633674214755,18.75383491599708,136.76693754565378,74.4320215485756,1.3816059718024434,2.2258045365929138,semi-ripe
stereo20190405_133623_p0_snap_091.jpg,51.44728589965398,46.731617647058826,31.584558823529413,31.0342776816609,116.66408953287197,54.98242863321799,1.100909351760872,1.6288740931403036,fully-ripe
stereo20190405_133623_p0_snap_091.jpg,50.78335856401384,58.600616349480966,36.785142733564015,41.15987240484429,101.77238321799308,59.20993728373703,0.8666009516886952,1.380539559855555,unripe
stereo20190405_133623_p0_snap_091.jpg,39.38097222222222,45.82486111111111,26.923541666666665,40.98222222222222,109.39840277777778,46.234722222222224,0.8593798796888171,1.4626960331901069,unripe
stereo20190406_054921_p0_snap_094.jpg,49.68259297520661,55.46590909090909,41.010330578512395,42.249612603305785,72.4815340909091,56.09542871900826,0.8957318978844727,1.21146501770917,unripe
stereo20190406_054921_p0_snap_094.jpg,67.67071280991736,45.31017561983471,32.34452479338843,16.108729338842974,135.39191632231405,68.1198347107438,1.4934989094437574,2.0921838339053798,fully-ripe
stereo20190406_054921_p0_snap_094.jpg,32.44240014792899,36.35059171597633,23.77348372781065,39.63063979289941,90.26904585798816,36.50101701183432,0.8924859181538759,1.3646458749130888,unripe
stereo20190406_065607_p0_snap_412.jpg,29.53742873887794,23.458228994618786,10.507525707283285,23.97074964036443,182.5847274761575,31.12637860301561,1.2591494504618908,2.8110709838848424,fully-ripe
stereo20190406_065607_p0_snap_412.jpg,48.90913146936347,55.03747769185009,25.99092801903629,36.7879238548483,136.06781677572874,55.11511005353956,0.8886512361029498,1.8817763111720491,unripe
stereo20190406_065607_p0_snap_412.jpg,38.92742415229031,51.915823914336706,23.725461035098157,44.10841760856633,141.70568114217727,51.93352171326591,0.7498179498863907,1.6407439959654844,unripe
stereo20190406_065607_p0_snap_412.jpg,33.89793975069252,42.902268005540165,19.566784972299168,41.390625,155.14547264542935,43.39188019390582,0.7901198101022777,1.732421676553674,unripe
stereo20190406_065607_p0_snap_412.jpg,31.396502942507922,40.1397974196469,19.07395880488909,42.10870303304663,144.19856269805342,40.16011204164781,0.782178713870474,1.6460393357915257,unripe
stereo20190406_065607_p0_snap_412.jpg,38.04842586483175,46.15995852578,20.82498350457159,39.53482891884249,150.82467716090113,46.2369450466585,0.8242732194148266,1.8270558334858158,unripe
stereo20190405_133623_p2_snap_090.jpg,60.23147506925208,66.69858033240997,43.997749307479225,38.47403047091413,89.94736842105263,67.41187673130194,0.9030397009752781,1.3689668750702326,unripe
stereo20190405_133623_p2_snap_090.jpg,80.1869921875,67.0828125,43.8022265625,24.7896484375,114.83828125,81.8195703125,1.1953431474577563,1.8306597671806952,semi-ripe
stereo20190405_133623_p2_snap_090.jpg,85.65104560342655,59.92743764172336,39.076026706979086,18.42164273116654,132.94406651549508,86.36602418745277,1.4292456791334063,2.1919071845924702,semi-ripe
stereo20190405_133623_p2_snap_090.jpg,49.60836143622297,56.07186074191629,36.02717714739139,40.452539178734376,100.83455663558817,56.092937909145014,0.8847281315894896,1.3769701540469819,unripe
stereo20190405_133623_p2_snap_090.jpg,53.03703703703704,56.38445216049383,32.89699074074074,34.65605709876543,113.5582561728395,56.77430555555556,0.9406321352515766,1.61221496923135,unripe
stereo20190405_133623_p2_snap_090.jpg,69.11323302469135,74.33043981481481,48.94425154320987,38.03800154320987,95.56037808641975,75.39949845679013,0.9298105042668043,1.4120804124029032,unripe
stereo20190405_133623_p2_snap_090.jpg,96.62538580246914,58.02565586419753,40.93364197530864,14.460648148148149,143.50096450617283,97.16030092592592,1.6652180438327042,2.360536652355231,fully-ripe
stereo20190405_133623_p2_snap_090.jpg,68.01102941176471,60.1698205017301,36.28535899653979,25.721615484429066,118.69998918685121,68.85310337370242,1.1303177829262647,1.8743375441007726,semi-ripe
stereo20190405_133623_p2_snap_090.jpg,75.4009518143962,71.80264723378941,44.974866151100535,28.619274241522902,104.72769185008923,76.24583581201665,1.0501136687586747,1.6765127170350447,unripe
stereo20190405_133623_p2_snap_090.jpg,88.77269462798047,62.35076127549555,41.1225940821603,16.311548405630568,135.91525423728814,89.49353634013215,1.4237625744153222,2.1587323227541324,fully-ripe
stereo20190405_133623_p2_snap_090.jpg,65.60603807257584,73.96133254015467,46.17236763831053,41.25996430696014,99.4158239143367,74.05517549077929,0.8870314656194536,1.4208936474205012,unripe
stereo20190405_133623_p2_snap_090.jpg,66.9675,67.6794,49.5305,31.446,78.5812,70.4738,0.9894811435265171,1.3520454362371797,unripe
stereo20190405_133623_p2_snap_090.jpg,74.2172,79.2692,55.4716,36.0584,81.211,80.3302,0.9362676882991517,1.3379312408635697,unripe
stereo20190405_133623_p2_snap_090.jpg,69.71804079287561,73.86203677104281,53.83539212869865,40.067652973283536,80.32813846595806,75.7683855214019,0.9438953270410612,1.2950221979620027,unripe
stereo20190406_054921_p0_snap_670.jpg,20.169375157470395,17.611866969009824,10.425610985134794,24.69570420760897,138.78294280675232,20.872448979591837,1.1452144023581807,1.9345970073368846,fully-ripe
stereo20190406_054921_p0_snap_670.jpg,36.695893671890495,39.02752430073398,24.88067843681809,35.622892283277125,99.60310454274945,39.753967466772465,0.9402565222061791,1.4748745303039297,unripe
stereo20190406_054921_p0_snap_670.jpg,38.440240031739734,39.39272961713946,29.424816504661774,35.102112676056336,88.62031342987503,40.33356476889506,0.9758204279606564,1.3063879926581605,semi-ripe
stereo20190406_054921_p0_snap_670.jpg,35.7402,37.9096,22.6544,34.6524,108.5706,38.3495,0.9427741409104446,1.5776266077995411,unripe
stereo20190406_054921_p0_snap_670.jpg,47.399,50.2393,35.1674,35.3096,83.4603,50.8598,0.9434643907330733,1.3478103732973226,unripe
stereo20190406_054921_p0_snap_502.jpg,28.09201388888889,21.97222222222222,13.120756172839506,21.371913580246915,140.6118827160494,28.72878086419753,1.2785234383458435,2.1410345645089266,fully-ripe
stereo20190406_054921_p0_snap_502.jpg,30.985803324099724,33.47437673130194,20.49549861495845,35.740650969529085,110.45654432132964,34.366516620498615,0.9256570873970593,1.51183383180279,unripe
stereo20190406_054921_p0_snap_502.jpg,42.71671840759679,47.321265522279035,33.59514243973703,42.39390065741417,78.3487034331629,47.40321402483565,0.9026958368331722,1.2715143497033392,unripe
stereo20190406_054921_p0_snap_502.jpg,53.63575141776938,40.04288752362949,30.21242911153119,19.804111531190927,112.2296786389414,53.9757797731569,1.339457300414354,1.7752870339190259,fully-ripe
stereo20190406_054921_p0_snap_502.jpg,40.76591052299937,42.83459357277883,28.707361898760766,35.445232094097875,91.27819785759294,43.28098088636841,0.9517050964119554,1.420050245865911,unripe
stereo20190406_054921_p0_snap_502.jpg,34.4521634110481,35.89550514597774,22.096303297626548,33.91692921655115,101.6423020373871,36.299936988027724,0.959790193034982,1.5591815225913157,unripe
stereo20190406_054921_p0_snap_502.jpg,39.93333333333333,43.51236111111111,33.112430555555555,42.297847222222224,66.85020833333333,43.63395833333333,0.917746661779508,1.2059918466696462,unripe
stereo20190406_054921_p0_snap_502.jpg,43.936597222222225,48.75194444444445,31.113125,37.73090277777778,93.48784722222223,48.84902777777778,0.9012274015042906,1.4121559020722991,unripe
stereo20190405_133623_p2_snap_074.jpg,59.81864095500459,55.69559228650138,27.81898530762167,28.926825068870524,144.80727731864096,63.395431588613405,1.0740280829946691,2.1502804214721536,semi-ripe
stereo20190405_133623_p2_snap_074.jpg,61.587768595041325,61.28677685950413,26.83173553719008,30.83892561983471,149.5806611570248,65.13768595041323,1.0049110379408073,2.2953321657615504,semi-ripe
stereo20190405_133623_p2_snap_074.jpg,57.61778703152885,74.14262343842951,36.90466983938132,44.49613325401547,129.19408090422368,74.14262343842951,0.7771208596114483,1.5612596365094158,unripe
stereo20190405_133623_p2_snap_074.jpg,76.56820074968763,95.56028738025823,47.072157434402335,43.20605997501041,129.13494377342775,95.56122448979592,0.8012553628313198,1.6266130268250265,unripe
stereo20190405_133623_p2_snap_074.jpg,70.96571428571428,86.91897959183673,40.580408163265304,42.41428571428571,131.8369387755102,86.91938775510204,0.8164581136868077,1.7487674473979353,unripe
stereo20190405_133623_p2_snap_074.jpg,144.0258053634677,168.55844155844156,96.81657952437173,43.11616630123124,111.57577163096644,168.94746162927981,0.8544561487830941,1.4876149435857988,unripe
stereo20190406_054921_p0_snap_1073.jpg,99.87046400951814,61.25907198096371,28.97650208209399,16.251189767995243,181.70419393218322,101.44660916121356,1.6302964520518433,3.446600602811441,fully-ripe
stereo20190406_054921_p0_snap_1073.jpg,78.69051160023795,68.05889351576442,26.52885187388459,25.327781082688876,171.86511005353955,80.29878048780488,1.1562118625965072,2.966222673792956,semi-ripe
stereo20190406_054921_p0_snap_1073.jpg,79.92906008328376,86.64143367043427,34.451516954193934,34.3139500297442,155.44883997620465,87.65645449137418,0.922526872789851,2.320044048832896,unripe
stereo20190406_054921_p0_snap_1073.jpg,58.675,73.0746,28.7904,39.6658,153.1182,73.2534,0.8029464680003081,2.038005016253676,unripe
stereo20190406_054921_p0_snap_1073.jpg,73.11433496121803,86.49920999712727,34.089557598391266,38.56154840563057,155.8866704969836,86.53124102269463,0.8452600493235227,2.1447715565822665,unripe
stereo20190406_054921_p0_snap_1073.jpg,49.04276600346021,68.62105320069205,30.350562283737023,46.70193555363322,145.76340830449826,68.62105320069205,0.7146896844198941,1.6158761536677568,unripe
stereo20190406_054921_p0_snap_1073.jpg,44.80260596885813,61.48686202422145,25.947339965397923,45.269517733564015,150.3236375432526,61.48686202422145,0.7286531985430823,1.7266736691263127,unripe
stereo20190405_133623_p2_snap_055.jpg,60.25096450617284,65.4417438271605,49.676504629629626,46.161072530864196,71.9440586419753,65.86670524691358,0.9206807730933197,1.2128661794287006,unripe
stereo20190405_133623_p2_snap_055.jpg,44.083140432098766,48.73668981481482,30.594521604938272,37.88483796296296,98.39158950617283,48.7602237654321,0.9045163213677123,1.4408829983520093,unripe
stereo20190405_133623_p2_snap_055.jpg,64.68663494809688,68.65435769896193,49.33580233564014,40.20626081314879,78.5873161764706,69.67046929065744,0.9422071328620648,1.3111496879391062,unripe
stereo20190405_133623_p2_snap_055.jpg,57.63609467455621,61.227348372781066,44.8230399408284,40.883598372781066,84.07220784023669,62.27181952662722,0.9413454410957999,1.2858583864918274,unripe
stereo20190405_133623_p2_snap_055.jpg,58.83207179930796,60.97610294117647,40.70912629757785,36.47507569204152,96.8845696366782,63.27924956747405,0.9648380154383264,1.4451810367396176,unripe
stereo20190405_133623_p2_snap_055.jpg,63.641706314878896,50.50616349480969,33.2061526816609,22.177227508650518,123.58353157439447,64.28265570934256,1.2600777669569263,1.9165631068243525,semi-ripe
stereo20190405_133623_p2_snap_055.jpg,44.94333729922665,35.76353361094586,22.637566924449732,21.90258774538965,126.36823319452706,45.61124330755503,1.2566802045161765,1.9853422232078894,semi-ripe
stereo20190405_133623_p2_snap_055.jpg,61.06219477161735,65.26687733409939,47.2005889112324,43.15871875897731,82.54345015800058,65.83295030163747,0.9355769405555019,1.2936741520261998,unripe
stereo20190406_065607_p0_snap_405.jpg,46.78768903591683,50.32384215500945,30.513232514177695,36.84676275992439,113.1187381852552,51.003189981096405,0.9297318673419435,1.5333568372544268,unripe
stereo20190406_065607_p0_snap_405.jpg,42.06208911614317,27.414901387874362,17.468955441928415,17.70927684441198,150.4636596055515,42.86742147552958,1.5342777702629113,2.4078179818930305,fully-ripe
stereo20190406_065607_p0_snap_405.jpg,47.68352171326591,33.82093991671624,20.925490779298038,23.0203747769185,138.8453301606187,49.15928019036288,1.4098812076741225,2.2787278649235505,fully-ripe
stereo20190406_065607_p0_snap_405.jpg,41.656751933372995,43.31573468173706,25.99301011302796,34.24211778703153,114.05621653777513,44.72620464009518,0.9617000063013221,1.6026129996527112,unripe
stereo20190406_065607_p0_snap_405.jpg,48.20334427342689,32.40473630602082,22.898483476686284,13.056926210955183,146.18492530556813,48.26779651425985,1.4875396282448499,2.1050880191093935,fully-ripe
stereo20190405_135700_p1_snap_008.jpg,31.0143877336694,35.434362528880484,21.08601134215501,39.79809913883638,114.19507456416719,35.575561856752785,0.8752627892138173,1.470850628025576,unripe
stereo20190405_135700_p1_snap_008.jpg,72.28021694214875,50.75077479338843,34.271823347107436,18.939695247933884,141.95790289256198,73.30139462809917,1.424218703935492,2.1090268562551016,fully-ripe
stereo20190405_135700_p1_snap_008.jpg,72.7854938271605,79.32986111111111,58.29436728395062,42.27199074074074,79.83969907407408,79.38695987654322,0.9175042491272369,1.2485851503760639,unripe
stereo20190405_135700_p1_snap_008.jpg,69.50443672839506,75.82735339506173,55.35011574074074,43.483024691358025,85.99652777777777,77.24054783950618,0.916614182749252,1.2557231948117502,unripe
stereo20190405_135700_p1_snap_008.jpg,41.81520061728395,45.85243055555556,27.11284722222222,37.55073302469136,108.97202932098766,45.99363425925926,0.9119514710808027,1.5422646265038937,unripe
stereo20190405_135700_p1_snap_008.jpg,37.495756172839506,42.66319444444444,24.472029320987655,38.007908950617285,117.890625,43.05246913580247,0.8788781025969595,1.5321876399848084,unripe
stereo20190405_135700_p1_snap_008.jpg,38.899375,38.880625,22.084722222222222,32.09826388888889,123.8313888888889,40.80520833333333,1.0004819880127984,1.761369556514634,semi-ripe
stereo20190405_135700_p1_snap_008.jpg,24.047916666666666,26.920069444444444,15.124791666666667,36.802708333333335,119.73902777777778,27.041458333333335,0.8933077896852005,1.5899657527189612,unripe
stereo20190405_135700_p1_snap_008.jpg,27.052569444444444,29.757986111111112,16.196666666666665,35.97895833333333,121.84291666666667,30.011388888888888,0.9090857241675454,1.6702543368121678,unripe
stereo20190405_135700_p1_snap_008.jpg,63.423611111111114,68.08618055555556,46.354791666666664,36.471180555555556,86.01923611111111,68.77604166666667,0.9315194548791803,1.368220957284744,unripe
stereo20190405_135700_p1_snap_008.jpg,66.20652777777778,50.597569444444446,30.894375,20.204930555555556,134.95638888888888,66.991875,1.3084919971413211,2.1429954918273264,semi-ripe
stereo20190405_135700_p1_snap_008.jpg,65.0592361111111,69.26597222222222,52.02861111111111,43.36631944444444,82.08666666666667,71.30708333333334,0.9392667803711374,1.2504509003260362,unripe
stereo20190405_135700_p1_snap_017.jpg,53.58404958677686,58.96115702479339,35.437603305785125,38.29272727272727,103.26231404958678,58.963388429752065,0.9088023913136686,1.5120671114165962,unripe
stereo20190405_135700_p1_snap_017.jpg,41.51441398865784,43.453804347826086,24.91859640831758,34.2062854442344,115.7507088846881,44.06025519848771,0.9553686968963342,1.6660006305489359,unripe
stereo20190405_135700_p1_snap_017.jpg,52.4224376731302,45.36876731301939,31.105436288088644,21.4196675900277,109.78081717451524,52.53047091412743,1.155473891470437,1.685313793205551,semi-ripe
stereo20190405_135700_p1_snap_017.jpg,48.95740997229917,41.42347645429363,29.032202216066484,22.850242382271468,112.35509002770083,50.882617728531855,1.181875649851888,1.6863134510020577,semi-ripe
stereo20190405_135700_p1_snap_017.jpg,61.81884765625,44.36474609375,33.178466796875,12.545654296875,119.07958984375,61.83740234375,1.393422461866276,1.8632213900209114,semi-ripe
stereo20190405_135700_p1_snap_017.jpg,33.145,37.4683,22.3417,38.9876,112.5118,37.4736,0.8846142246607867,1.4835480363857558,unripe
stereo20190405_132743_p0_snap_488.jpg,52.62551652892562,66.38429752066116,27.71900826446281,39.99690082644628,153.86105371900825,67.13636363636364,0.7927403100882944,1.8985346460265589,unripe
stereo20190405_132743_p0_snap_488.jpg,88.23605371900827,77.90960743801652,30.65289256198347,27.80836776859504,167.1379132231405,91.58522727272727,1.1325437939572385,2.8785546014960723,fully-ripe
stereo20190405_132743_p0_snap_488.jpg,94.7732438016529,79.72210743801652,33.924070247933884,25.452479338842974,162.46280991735537,97.0180785123967,1.1887948645535982,2.7936864642756225,fully-ripe
stereo20190405_132743_p0_snap_488.jpg,119.99768518518519,84.72222222222223,33.22067901234568,21.01851851851852,181.78240740740742,121.93441358024691,1.4163659530409585,3.6121371576787857,fully-ripe
stereo20190405_132743_p0_snap_488.jpg,104.05888429752066,132.37913223140495,59.48295454545455,42.1926652892562,142.8465909090909,132.37913223140495,0.7860670687503085,1.7493896797628998,unripe
stereo20190405_132743_p0_snap_488.jpg,96.25540657439447,122.69312283737024,52.81293252595156,42.86461937716263,148.94701557093427,122.69593425605537,0.7845215485856166,1.8225723084279175,unripe
stereo20190405_132743_p0_snap_488.jpg,71.06915680473372,90.54105029585799,35.898298816568044,41.07766272189349,157.14829881656806,90.55140532544378,0.7849384199003571,1.979735512552429,unripe
stereo20190405_132743_p0_snap_488.jpg,85.75776627218934,107.14792899408285,45.289201183431956,40.539940828402365,150.2037721893491,107.15199704142012,0.8003678566036183,1.893558400141928,unripe
stereo20190405_133623_p1_snap_068.jpg,102.27594123048668,80.0392561983471,65.89967860422406,26.907943067033976,95.59573002754821,103.49403122130394,1.277822075192873,1.5519943021996458,fully-ripe
stereo20190405_133623_p1_snap_068.jpg,68.35262573964496,62.02468565088758,42.89718934911242,26.898576183431953,104.20506656804734,69.98391272189349,1.1020227511373017,1.5934053219504463,semi-ripe
stereo20190405_133623_p1_snap_068.jpg,74.85188533057851,48.86105371900826,30.41955061983471,13.496771694214877,150.5573347107438,74.94731404958678,1.5319331924707795,2.4606497860384033,fully-ripe
stereo20190405_133623_p1_snap_068.jpg,76.82553624260355,81.39256656804734,55.21190828402367,35.22337278106509,84.51747411242603,82.42927144970415,0.9438887363195146,1.3914665280672573,unripe
stereo20190405_133623_p1_snap_068.jpg,66.37888313609467,69.34809541420118,44.1875924556213,33.95257026627219,96.42372411242603,70.00980029585799,0.9571838010516366,1.5022060362464928,unripe
stereo20190405_133623_p1_snap_068.jpg,59.03267045454545,64.37525826446281,44.447055785123965,39.51317148760331,85.56366219008264,64.5207902892562,0.9170085352037803,1.3281567503226086,unripe
stereo20190405_133623_p1_snap_068.jpg,65.09245562130178,70.60086908284023,47.76775147928994,37.52810650887574,87.2552699704142,70.69803994082841,0.9219779762929708,1.3626859121192665,unripe
stereo20190405_133623_p1_snap_068.jpg,71.75865185950413,77.31714876033058,53.37977789256198,38.374612603305785,82.14282024793388,77.49974173553719,0.9281077190374153,1.3443038028538716,unripe
stereo20190406_054921_p0_snap_451.jpg,43.935304752066116,44.34529958677686,30.744705578512395,30.56869834710744,90.06637396694215,46.09065082644628,0.9907542682973397,1.4290359798538086,unripe
stereo20190406_054921_p0_snap_451.jpg,43.435138888888886,36.761180555555555,25.151180555555555,23.904722222222222,109.86020833333333,44.60173611111111,1.181548753793686,1.726961544541861,fully-ripe
stereo20190406_054921_p0_snap_451.jpg,53.773372933884296,36.6692923553719,25.24638429752066,13.712680785123966,130.1142820247934,53.79132231404959,1.4664411232248795,2.1299426880600194,fully-ripe
stereo20190406_054921_p0_snap_451.jpg,36.168130165289256,37.99948347107438,24.514462809917354,34.17277892561984,96.5728305785124,39.25813533057851,0.95180558637764,1.4753786649108522,unripe
stereo20190406_054921_p0_snap_451.jpg,51.319125566893426,40.50322420634921,25.658482142857142,23.999574829931973,126.51498724489795,52.20727040816327,1.267037721122249,2.000083453118259,semi-ripe
stereo20190406_054921_p0_snap_451.jpg,30.168788580246915,34.78819444444444,19.394868827160494,38.57600308641975,119.35860339506173,34.81635802469136,0.8672131563566444,1.5555028133508466,unripe
stereo20190406_054921_p0_snap_451.jpg,34.78993055555556,35.79918981481482,20.68113425925926,32.26369598765432,120.35860339506173,36.417824074074076,0.9718074911037091,1.6822053035087545,unripe
stereo20190406_054921_p0_snap_451.jpg,63.570408950617285,35.93055555555556,24.32928240740741,12.65451388888889,153.99614197530863,63.807677469135804,1.7692571204404008,2.6129164747620175,fully-ripe
stereo20190406_054921_p0_snap_451.jpg,39.870480371900825,40.88985020661157,25.57270144628099,33.617381198347104,106.06275826446281,43.10227272727273,0.975070107122892,1.559102579155686,unripe
stereo20190406_054921_p0_snap_451.jpg,53.347800925925924,57.56346450617284,35.867091049382715,36.55362654320987,103.55806327160494,57.73418209876543,0.9267647824178012,1.4873742054724564,unripe
stereo20190406_054921_p0_snap_451.jpg,44.96756055363322,36.29455017301038,21.32347534602076,22.971507352941178,133.6915008650519,45.605320069204154,1.2389614404825413,2.108827887370896,semi-ripe
stereo20190406_054921_p0_snap_451.jpg,51.90743944636678,39.179768598615915,25.635650951557093,19.59888624567474,125.27357266435986,52.453935986159166,1.324852801700122,2.024813775796717,fully-ripe
stereo20190406_054921_p0_snap_451.jpg,46.71552169421488,42.53589876033058,25.170841942148762,25.865831611570247,118.54145144628099,47.03861053719008,1.0982608119985025,1.8559372484325578,unripe
stereo20190406_054921_p0_snap_451.jpg,45.27042936288089,31.272506925207757,18.89317867036011,21.007834141274238,143.08167416897507,45.918672091412745,1.4476106758899816,2.3961243468606095,fully-ripe
stereo20190406_054921_p0_snap_451.jpg,39.1735197368421,32.370152354570635,17.651662049861496,24.571199792243767,140.529432132964,39.755323753462605,1.210173718245526,2.219252636588015,semi-ripe
stereo20190406_054921_p0_snap_451.jpg,30.659190759637188,34.12485827664399,22.263038548752835,39.14264455782313,100.94178713151928,34.2140731292517,0.8984412924641584,1.3771335355307708,unripe
stereo20190405_133623_p0_snap_137.jpg,103.15072320841551,116.9043392504931,104.76150558842866,61.877876397107165,59.13477975016436,121.4784681130835,0.8823514597168028,0.9846241974358084,unripe
stereo20190405_133623_p0_snap_137.jpg,92.79917355371902,106.80636363636364,93.4100826446281,62.023223140495865,61.672479338842976,110.06090909090909,0.8688542677206326,0.9934598170967104,unripe
stereo20190405_133623_p0_snap_137.jpg,82.41836734693878,84.75145772594752,63.74010828821324,34.565077051228656,73.08631820074969,88.31330695543524,0.9724712687389314,1.2930375650429173,unripe
stereo20190405_133623_p0_snap_137.jpg,44.416875,55.119791666666664,39.291666666666664,51.842013888888886,82.10013888888889,55.32833333333333,0.8058242892201988,1.1304397971309106,unripe
stereo20190405_133623_p0_snap_137.jpg,94.21720679012346,108.33198302469135,96.92708333333333,65.63252314814815,47.501736111111114,110.55671296296296,0.8697080535447104,0.9720420116809801,unripe
stereo20190405_133623_p0_snap_137.jpg,77.48835059171597,87.17640532544378,65.51211168639053,44.49713387573964,68.01248150887574,87.95968934911242,0.888868282808364,1.1828093579789125,unripe
stereo20190405_133623_p0_snap_137.jpg,37.50944444444445,40.956319444444446,24.856805555555557,38.32076388888889,108.48777777777778,42.64458333333334,0.9158399923343825,1.5090205083032449,unripe
stereo20190405_133623_p0_snap_137.jpg,50.22048010380623,44.65625,30.777249134948097,28.564987024221452,118.8326124567474,52.98140138408304,1.1246011220779848,1.6317398467357358,semi-ripe
stereo20190405_133623_p0_snap_137.jpg,46.01083333333333,37.67236111111111,25.758055555555554,26.479861111111113,116.05333333333333,47.87034722222222,1.2213415820742664,1.7862689740460582,fully-ripe
stereo20190405_133623_p0_snap_137.jpg,55.65965614186851,63.80260596885813,49.819798875432525,51.90089749134948,81.20004325259515,65.7847642733564,0.8723726338906828,1.1172193831782395,unripe
stereo20190405_133623_p0_snap_137.jpg,39.51208333333334,46.37152777777778,30.401527777777776,44.04472222222222,95.79736111111112,46.84527777777778,0.8520761921393161,1.2996738395981726,unripe
stereo20190406_065607_p0_snap_383.jpg,25.86671506122964,26.777805832596894,10.402190380002525,31.422863274839035,164.4282918823381,27.662826663300088,0.9659755382192837,2.4866580258304314,unripe
stereo20190406_065607_p0_snap_383.jpg,38.650344047506834,34.79246394570647,14.352153831652371,25.681331888019606,173.21587802808935,41.259001790932224,1.1108823163256671,2.6929976901648147,semi-ripe
stereo20190406_065607_p0_snap_383.jpg,34.96733905174852,34.21868225091903,14.497902724102177,29.363017249505138,165.45013667640683,36.97952210387407,1.0218782995954316,2.4118878156589236,semi-ripe
stereo20190406_065607_p0_snap_383.jpg,57.884741225461035,56.21445568114218,27.17846519928614,30.480963712076147,149.05309339678763,62.62849494348602,1.0297125575077586,2.1298009105007263,fully-ripe
stereo20190406_065607_p0_snap_297.jpg,33.71156509695291,36.76713988919668,22.10924515235457,36.02164127423823,108.56769390581718,37.58396814404432,0.9168936183127538,1.5247716336279526,unripe
stereo20190406_065607_p0_snap_297.jpg,30.743414256198346,35.25710227272727,20.922520661157026,41.65224690082645,113.89230371900827,35.47998450413223,0.8719776599508846,1.4693927208946063,unripe
stereo20190406_065607_p0_snap_297.jpg,15.927607009480035,18.45683711577133,8.896868715886239,37.92545245619075,140.64615053145647,18.484056305659294,0.8629646715700394,1.79024661548322,unripe
stereo20190406_065607_p0_snap_297.jpg,38.1076740035693,30.475758477096967,16.506246281975017,21.49211778703153,149.3483045806068,38.39738251041047,1.250425367688688,2.3086806210069106,semi-ripe
stereo20190406_065607_p0_snap_297.jpg,16.969020328719722,19.635542820069205,9.4783196366782,37.35623918685121,146.35326557093427,19.844939446366784,0.8641987564198316,1.7902964951814788,unripe
stereo20190406_065607_p0_snap_297.jpg,22.878042184964844,14.941556246619795,8.136695511087074,15.48205110870741,185.2796106003245,23.01693482963764,1.5311676036734438,2.8117082710921792,fully-ripe
stereo20190406_065607_p0_snap_297.jpg,42.48497917906008,47.62864366448542,31.480071386079715,41.57391433670434,96.36897679952409,47.69705532421178,0.8920046213848628,1.3495828888754609,unripe
stereo20190406_065607_p0_snap_297.jpg,48.15971260387812,45.99961045706371,27.82643698060942,26.7871364265928,113.22139023545706,48.98558691135734,1.0469589123856065,1.7307172790488752,unripe
stereo20190405_133623_p1_snap_050.jpg,100.929,101.9864,46.6593,33.2342,145.1849,109.2546,0.9896318538911213,2.1631052838115266,semi-ripe
stereo20190405_133623_p1_snap_050.jpg,155.34979179060085,186.97471743010112,93.95434265318264,40.44541939321832,131.8685306365259,187.08625817965498,0.8308598382563601,1.653460296448953,unripe
stereo20190405_133623_p1_snap_050.jpg,140.99640907785118,173.69872163171502,78.73319448434358,41.43155702384372,141.3187302499282,173.76220913530594,0.8117296410476906,1.7908125294949588,unripe
stereo20190405_133623_p1_snap_050.jpg,125.2935,162.8649,82.9883,45.1748,126.2931,162.9025,0.7693093619736749,1.5097728824698322,unripe
stereo20190405_133623_p1_snap_050.jpg,145.2542,183.8312,92.3086,43.7544,126.2177,183.8312,0.7901498336435908,1.5735715227431113,unripe
stereo20190405_133623_p1_snap_050.jpg,127.27312553863833,159.61052858374032,88.92013789141052,44.78942832519391,113.05508474576271,159.6297759264579,0.7973980081012255,1.4313193191498572,unripe
stereo20190405_133623_p1_snap_149.jpg,78.01239669421487,81.03558310376492,60.51652892561984,37.6985766758494,73.44559228650138,82.77066115702479,0.9626929810252774,1.2891086978734687,unripe
stereo20190405_133623_p1_snap_149.jpg,60.54668209876543,63.94965277777778,44.701774691358025,34.93132716049383,80.0516975308642,64.77565586419753,0.9467865735142723,1.354457825717876,unripe
stereo20190405_133623_p1_snap_149.jpg,76.602294921875,47.407470703125,31.8115234375,13.82666015625,140.669189453125,76.85498046875,1.6158271603077514,2.408003847798637,fully-ripe
stereo20190405_133623_p1_snap_149.jpg,69.7653,54.0003,35.998,21.3078,124.4758,71.407,1.2919425832925773,1.9380321301094143,fully-ripe
stereo20190405_133623_p1_snap_149.jpg,68.29244160899654,72.40354671280276,53.259515570934255,40.628784602076124,73.97210207612457,72.84645328719724,0.9432194316072973,1.2822577910131876,unripe
stereo20190405_133623_p1_snap_149.jpg,75.97248661511006,80.72516359309934,56.94497323022011,38.80933967876264,78.28569303985722,81.52245687091018,0.9411250943609546,1.3341383613717925,unripe
stereo20190405_133623_p1_snap_149.jpg,72.20746579417013,78.07644259369422,56.410023795359905,43.64366448542534,80.55071386079715,78.9128494943486,0.9248302579771908,1.2800464905963178,unripe
stereo20190405_133623_p1_snap_149.jpg,73.5707,77.0393,52.8105,34.8382,83.1344,78.3229,0.9549761024599001,1.3931071674937432,unripe
stereo20190406_054921_p0_snap_123.jpg,58.00951814396193,63.41344437834622,51.34428911362284,43.98051754907793,51.17697798929209,63.68441403926234,0.9147824970684837,1.1298141983706744,unripe
stereo20190406_054921_p0_snap_123.jpg,60.25059488399762,65.54610350981558,53.23661511005354,43.96133254015467,52.87730517549078,65.9653480071386,0.9192092659311532,1.1317508343071039,unripe
stereo20190406_054921_p0_snap_123.jpg,21.497596153846153,17.16188979289941,10.620654585798816,21.039755917159763,137.85697115384616,21.86936020710059,1.2526349887406174,2.0241290909978633,semi-ripe
stereo20190406_054921_p0_snap_123.jpg,36.66128615702479,24.511363636363637,15.944989669421487,15.518595041322314,142.30823863636363,36.92820247933884,1.4956846850327579,2.2992340493635726,fully-ripe
stereo20190406_054921_p0_snap_123.jpg,45.20640432098765,49.607638888888886,35.74151234567901,38.10493827160494,74.31327160493827,50.07484567901235,0.9112789122951758,1.2648147407871364,unripe
stereo20190406_054921_p0_snap_123.jpg,35.29277777777778,39.34784722222222,29.538125,43.32479166666667,72.05625,39.54576388888889,0.8969428138985346,1.1948207893889637,unripe
stereo20190405_133623_p2_snap_035.jpg,91.00555268595042,119.89214230371901,57.471461776859506,45.74609375,132.19902505165288,119.89214230371901,0.7590617979349383,1.5834909020477388,unripe
stereo20190405_133623_p2_snap_035.jpg,78.76041367423154,102.41676242459063,49.21186440677966,44.44505889112324,131.11684860672221,102.41676242459063,0.7690187047460684,1.6004351515491377,unripe
stereo20190405_133623_p2_snap_035.jpg,117.19189887963229,148.20324619362253,77.12302499281816,44.37812410226946,121.198793450158,148.20324619362253,0.7907511743637066,1.5195446975154105,unripe
stereo20190405_133623_p2_snap_035.jpg,180.6316432059753,204.5006463659868,126.57038207411664,40.40268600976731,102.72996265440965,204.68902614191325,0.8832814838633376,1.4271239920012389,unripe
stereo20190405_133623_p2_snap_019.jpg,66.55869113573407,67.29328254847645,46.96052631578947,31.267139889196677,84.06423130193906,69.73891966759003,0.9890835864181678,1.4173324318137126,unripe
stereo20190405_133623_p2_snap_019.jpg,45.08825792551554,44.89442905509387,30.488996614342874,31.710757156048015,91.14827639273622,46.95567867036011,1.004317213323098,1.478836568729162,semi-ripe
stereo20190405_133623_p2_snap_019.jpg,47.29272727272727,34.258429752066114,22.65677685950413,21.47190082644628,130.76462809917356,48.62074380165289,1.3804693855001104,2.087353673139613,fully-ripe
stereo20190405_133623_p2_snap_019.jpg,43.55107438016529,45.54,28.840413223140494,34.33933884297521,98.15099173553719,46.11925619834711,0.9563255339681587,1.5100705715449247,unripe
stereo20190405_133623_p2_snap_019.jpg,49.956095041322314,52.49819214876033,34.79442148760331,35.43892045454545,89.83032024793388,53.00025826446281,0.9515772540127253,1.4357497135459982,unripe
stereo20190405_133623_p2_snap_019.jpg,51.922636401499375,53.9576218242399,35.14483548521449,33.774260724698046,93.96897126197418,54.393377759266976,0.9622853087887684,1.4773898045260527,unripe
stereo20190405_133623_p2_snap_019.jpg,69.23712192816635,70.85172495274102,50.31332703213611,32.558719281663514,81.04135160680529,73.24645557655954,0.9772113833817669,1.3761186598285708,unripe
stereo20190405_133623_p2_snap_019.jpg,70.21875,56.077152777777776,43.28881944444444,27.458055555555557,106.70965277777778,71.04006944444444,1.2521808615436272,1.622098608374629,semi-ripe
stereo20190405_133623_p2_snap_019.jpg,75.39043847566575,54.521981175390266,38.69932277318641,15.608872819100092,117.10583103764922,75.73702938475665,1.3827528461523784,1.9481069329417866,fully-ripe
stereo20190406_065118_p0_snap_246.jpg,19.37673354289941,21.412536982248522,9.404239090236686,35.049856693786985,151.86129345414201,22.06610576923077,0.9049242744902394,2.0604232572929155,semi-ripe
stereo20190406_065118_p0_snap_246.jpg,31.464592325014074,36.78171326702946,20.26998498780259,40.0003049352599,129.65308922874837,37.23756802401952,0.8554409508381686,1.5522743021864485,unripe
stereo20190406_065118_p0_snap_246.jpg,22.252304002019947,27.157713672516095,12.842822875899508,40.03487564701427,138.78168791819215,27.22206792071708,0.8193729441521461,1.7326632073347294,unripe
stereo20190406_065118_p0_snap_246.jpg,28.8960787130135,37.73599540361965,17.148664176960644,41.98721631715024,146.94304797471992,38.10442401608733,0.7657429132719432,1.6850328144805256,unripe
stereo20190406_065118_p0_snap_246.jpg,22.970769893708706,29.04840563056593,12.982763573685723,41.248922723355356,145.21502441827062,29.4984918126975,0.7907753106347708,1.7693268517189011,unripe
stereo20190406_065118_p0_snap_246.jpg,17.30415110600402,20.642487790864696,8.704898017810974,39.6584314852054,162.37970410801495,21.45051709278943,0.8382779681663304,1.987861453630328,unripe
stereo20190406_065118_p0_snap_246.jpg,26.442688882505028,33.501220913530595,14.651106004021832,41.003662740591786,160.1883079574835,33.506104567652976,0.789304994516642,1.8048242110188963,unripe
stereo20190406_065607_p0_snap_078.jpg,36.68277478821461,46.96582130108157,23.32966593851564,43.03656294954446,132.61511002184454,46.97312057115456,0.781052390046162,1.5723653806804043,unripe
stereo20190406_065607_p0_snap_078.jpg,30.145751953125,38.3828125,15.26416015625,40.513671875,161.46240234375,39.072021484375,0.7853969559722972,1.9749355284002552,unripe
stereo20190406_065607_p0_snap_078.jpg,24.378346222486616,32.83016061867936,14.788221296847114,44.075401546698394,150.29179060083283,32.83016061867936,0.7425592302166132,1.6484964113108063,unripe
stereo20190406_065607_p0_snap_078.jpg,24.831647828673407,31.21832242712671,12.041046995835812,40.78316478286734,160.09622248661512,31.21832242712671,0.7954187779452406,2.0622481761577074,unripe
stereo20190406_065607_p0_snap_078.jpg,43.92697798929209,43.239143367043425,18.76635930993456,32.47471743010113,156.65749553837003,46.831499107674006,1.0159074488903597,2.3407286334303343,semi-ripe
stereo20190406_065607_p0_snap_078.jpg,29.807703747769185,39.95092207019631,17.984533016061867,43.85053539559786,143.9042236763831,39.95092207019631,0.7461078428757347,1.6574067921074302,unripe
stereo20190406_065607_p0_snap_078.jpg,37.46281975014872,46.90868530636526,21.360797144556813,40.17177275431291,144.01992861392029,46.99479476502082,0.7986327376081426,1.7538110566994676,unripe
stereo20190406_065607_p0_snap_078.jpg,39.20077334919691,47.71698393813207,19.63280785246877,40.20404521118382,154.78911362284356,47.74256395002974,0.8215264649743663,1.9966962279063536,unripe
stereo20190406_065607_p0_snap_078.jpg,24.1688,32.2806,12.2613,42.4204,166.6161,32.39,0.7487095194297753,1.9711433770127336,unripe
stereo20190406_065607_p0_snap_078.jpg,25.172188707701007,34.392096333301915,14.443609199736073,43.818102554434915,154.25028277877274,34.392096333301915,0.7319176227170113,1.7427895570772856,unripe
stereo20190406_065607_p0_snap_078.jpg,31.365889542779538,42.18976346763241,18.94720461747397,43.788450656405615,150.98916364870982,42.18976346763241,0.7434476880242826,1.6554353859407127,unripe
stereo20190406_065607_p0_snap_078.jpg,39.439653979238756,49.68425605536332,24.133114186851213,40.90456747404844,134.67228373702423,49.85820069204152,0.7938057077323238,1.6342539686895248,unripe
stereo20190405_133623_p3_snap_031.jpg,159.27082093991672,181.1861986912552,100.55770374776918,38.47605591909578,119.48616894705532,181.46386079714455,0.8790449454754984,1.5838747223253178,unripe
stereo20190405_133623_p3_snap_031.jpg,115.1785,146.9003,59.435,41.2977,153.1764,146.9009,0.7840589308490908,1.9378898060251017,unripe
stereo20190405_133623_p3_snap_031.jpg,141.69452706722188,172.37343842950625,73.31067816775729,39.86258179654967,150.44913741820346,172.4153777513385,0.8220206090798793,1.9327949390269183,unripe
stereo20190405_133623_p3_snap_031.jpg,102.91506271626298,130.3473724048443,55.829692906574394,42.99643166089965,144.61234861591694,130.36256487889273,0.7895445295297177,1.8433747155789344,unripe
stereo20190405_133623_p3_snap_031.jpg,138.924662453318,168.58891123240448,83.10011490950876,41.338911232404485,130.13135593220338,168.62697500718184,0.8240438424883597,1.671774411947021,unripe
stereo20190405_132743_p0_snap_524.jpg,98.828231292517,122.53458049886622,53.932539682539684,40.599773242630384,146.25056689342404,122.53458049886622,0.8065333298145835,1.8324412970320223,unripe
stereo20190405_132743_p0_snap_524.jpg,57.8466796875,73.619140625,32.6025390625,41.8095703125,144.0947265625,73.619140625,0.7857558691780954,1.7742992910341546,unripe
stereo20190405_132743_p0_snap_524.jpg,59.919921875,76.236328125,32.7529296875,41.162109375,148.548828125,76.236328125,0.7859758659545402,1.8294517208746346,unripe
stereo20190405_132743_p0_snap_524.jpg,109.526875,88.52125,38.354375,23.16125,163.680625,110.98,1.2372945775963877,2.855654575089654,fully-ripe
stereo20190405_132743_p0_snap_524.jpg,98.6005859375,117.4619140625,54.4208984375,39.384765625,138.1435546875,117.517578125,0.839425939294472,1.8118144067870237,unripe
stereo20190405_132743_p0_snap_524.jpg,91.8974609375,109.8076171875,51.2353515625,39.6396484375,136.666015625,109.8154296875,0.8368950617663578,1.7936335010615256,unripe
stereo20190405_132743_p0_snap_524.jpg,102.408125,121.75,48.6275,37.931875,152.19,121.77,0.8411344278329012,2.10597098226909,unripe
stereo20190405_132743_p0_snap_524.jpg,95.0185546875,115.9287109375,52.689453125,39.9052734375,143.8232421875,115.9287109375,0.8196291127780735,1.8033691947492205,unripe
stereo20190405_132743_p0_snap_524.jpg,88.158203125,108.8896484375,48.1796875,40.3447265625,145.9130859375,108.8896484375,0.8096104294018026,1.8297790915976588,unripe
stereo20190405_132743_p0_snap_524.jpg,115.324,140.2684,61.8628,40.9364,146.2576,140.2684,0.8221665876158429,1.864189486381236,unripe
stereo20190405_132743_p0_snap_524.jpg,80.5432,102.6356,44.5092,41.8068,147.6044,102.6356,0.7847490749068476,1.8095850274583618,unripe
stereo20190405_132743_p0_snap_524.jpg,95.755,118.47,52.65625,40.5575,145.3725,118.47,0.8082636272251517,1.8184922362507323,unripe
stereo20190405_133623_p0_snap_075.jpg,87.4023611111111,122.60534722222222,52.35326388888889,45.76951388888889,146.83541666666667,122.60534722222222,0.7128755471320418,1.669472692321173,unripe
stereo20190405_133623_p0_snap_075.jpg,78.50931831065759,108.8061578798186,50.527600623582764,47.33056972789116,135.77490787981858,108.8061578798186,0.7215520943387578,1.5537904393605921,unripe
stereo20190405_133623_p0_snap_075.jpg,95.6820031163435,129.5338036703601,49.83349203601108,43.58379501385041,156.1757271468144,129.5338036703601,0.7386642947133226,1.9200336963515228,unripe
stereo20190405_133623_p2_snap_116.jpg,56.68465909090909,57.88171487603306,36.74845041322314,34.296875,106.4322055785124,62.14075413223141,0.9793187610132946,1.5425043240862504,unripe
stereo20190405_133623_p2_snap_116.jpg,58.107308884297524,64.28564049586777,40.13416838842975,37.49173553719008,98.97469008264463,64.59826962809917,0.9038923684537129,1.4478260479613863,unripe
stereo20190405_133623_p2_snap_116.jpg,59.83140432098765,57.85918209876543,34.470100308641975,30.05960648148148,115.4633487654321,61.65027006172839,1.0340864113493955,1.7357473992761596,unripe
stereo20190405_133623_p2_snap_116.jpg,55.209504437869825,55.14016272189349,32.762573964497044,32.431582840236686,113.76118713017752,57.570543639053255,1.0012573721218831,1.6851388919047787,unripe
stereo20190405_133623_p2_snap_116.jpg,55.991348140495866,55.98773243801653,34.21862086776859,33.94305268595041,116.09426652892562,61.33122417355372,1.0000644016408293,1.6362825373365697,unripe
stereo20190405_133623_p2_snap_116.jpg,76.33496900826447,48.299845041322314,31.61299070247934,17.22417355371901,145.5626291322314,77.23915289256199,1.5804388841945192,2.414670145573295,fully-ripe
stereo20190405_133623_p2_snap_116.jpg,86.92476851851852,55.160493827160494,36.16300154320987,13.61863425925926,148.8900462962963,87.12750771604938,1.575851605541674,2.4036927459610284,fully-ripe
stereo20190405_133623_p2_snap_116.jpg,65.55558837429112,56.710804584120986,34.56412452741021,26.838935491493384,123.17376535916824,67.58970344990549,1.1559627357679794,1.8966361886568843,semi-ripe
stereo20190405_133623_p2_snap_116.jpg,96.86747685185185,68.7542438271605,50.08757716049383,17.562307098765434,124.40489969135803,97.19097222222223,1.4088943077669702,1.933961732703612,fully-ripe
stereo20190405_133623_p2_snap_116.jpg,66.69680555555556,68.65597222222222,43.82041666666667,33.00354166666666,95.864375,69.31472222222222,0.9714638607845519,1.522048291836704,unripe
stereo20190405_133623_p2_snap_116.jpg,69.83644600591715,75.0991124260355,50.39839127218935,36.69535872781065,88.45617603550296,75.22596153846153,0.9299235963069805,1.385687725067859,unripe
stereo20190405_133623_p2_snap_116.jpg,63.83902777777778,68.97597222222223,46.37611111111111,37.09243055555555,91.37513888888888,69.7225,0.9255254614875283,1.376549531273386,unripe
stereo20190405_133623_p2_snap_116.jpg,75.3620138888889,80.98958333333333,53.893541666666664,36.246944444444445,88.30958333333334,81.19645833333334,0.9305147832847771,1.398349367564516,unripe
stereo20190406_054921_p0_snap_822.jpg,33.15961371527778,25.595594618055557,15.6865234375,21.05588107638889,134.59646267361111,33.826497395833336,1.2955198445238698,2.113890481118466,fully-ripe
stereo20190406_054921_p0_snap_822.jpg,34.11243307555027,37.182778108268884,27.114961332540155,41.76784651992861,85.89857227840571,37.989143367043425,0.9174253683242269,1.2580663522447688,unripe
stereo20190406_054921_p0_snap_822.jpg,34.239004629629626,33.40644290123457,22.32696759259259,31.84008487654321,103.71354166666667,35.323881172839506,1.024921883531199,1.5335261787062966,unripe
stereo20190406_054921_p0_snap_822.jpg,47.45061728395062,44.52256944444444,33.00733024691358,29.107831790123456,88.92959104938272,48.33179012345679,1.06576523364195,1.4375777305591164,unripe
stereo20190406_054921_p0_snap_822.jpg,47.45061728395062,44.52256944444444,33.00733024691358,29.107831790123456,88.92959104938272,48.33179012345679,1.06576523364195,1.4375777305591164,unripe
stereo20190406_054921_p0_snap_822.jpg,48.751736111111114,50.74382716049383,38.453125,34.35320216049383,65.9988425925926,51.06905864197531,0.9607420100478005,1.2678221453494263,unripe
stereo20190406_054921_p0_snap_822.jpg,29.35062358276644,23.72236394557823,13.221513605442176,24.251984126984127,146.70280612244898,30.721230158730158,1.2372549075442467,2.219912353420848,fully-ripe
stereo20190406_054921_p0_snap_822.jpg,18.728584176085665,21.64303242117787,11.831461927424153,39.35187388459251,126.60291493158834,21.643664485425344,0.8653397157212801,1.5829462547829494,unripe
stereo20190406_054921_p0_snap_822.jpg,31.528638659320478,27.897325528007347,16.687557392102846,27.09125344352617,132.1783746556474,32.412936179981635,1.1301666651163695,1.8893489936850207,semi-ripe
stereo20190406_054921_p0_snap_822.jpg,34.80922865013774,38.72928145087236,26.304637281910008,40.58987603305785,94.14761248852157,39.054579889807165,0.8987829972126609,1.3233109829256835,unripe
stereo20190406_054921_p0_snap_822.jpg,33.307205578512395,36.477401859504134,23.292484504132233,37.31314566115702,99.16890495867769,36.65030991735537,0.9130912496423249,1.4299544247012055,unripe
stereo20190406_054921_p0_snap_822.jpg,39.43084991349481,29.960153546712803,17.828503460207614,21.073529411764707,142.13170415224914,40.343101211072664,1.3161093013399494,2.211673452276466,fully-ripe
stereo20190406_054921_p0_snap_822.jpg,44.229725346020764,49.44274437716263,32.60191392733564,40.62364835640138,94.15387110726644,49.6764705882353,0.8945643482687983,1.3566599764051224,unripe
stereo20190406_054921_p0_snap_822.jpg,53.22364263142775,53.595949439816145,35.35183855214019,32.06018385521402,95.23901177822465,55.26443550703821,0.9930532672186515,1.505540581645358,unripe
stereo20190406_054921_p0_snap_822.jpg,43.8589,47.7469,30.6153,36.2147,98.3676,48.0675,0.9185704373330127,1.4325806271437393,unripe
stereo20190406_054921_p0_snap_822.jpg,36.14155415110601,39.16274059178397,26.601910370583166,39.299482907210574,94.29933927032462,39.449224360815855,0.9228553563009492,1.3586069594837191,unripe
stereo20190406_054921_p0_snap_822.jpg,40.62209135305947,44.94620798621086,28.499712726228097,38.010198218902616,102.08654122378627,45.06284113760414,0.9037933150576095,1.4253504058015005,unripe
stereo20190406_054921_p0_snap_822.jpg,42.30810112036771,45.653260557311114,31.659724217178972,38.32641482332663,94.92401608733122,45.99360815857512,0.9267266201061317,1.3363378488948527,unripe
stereo20190406_065607_p0_snap_337.jpg,21.91701374427322,26.526239067055393,9.340899625156185,38.05716368179925,171.61016243231987,26.781236984589754,0.8262387075107928,2.3463468359920845,unripe
stereo20190406_065607_p0_snap_337.jpg,35.189127604166664,45.53081597222222,19.6669921875,42.58897569444444,153.79416232638889,45.53081597222222,0.7728638093592921,1.7892471495494242,unripe
stereo20190406_065607_p0_snap_337.jpg,43.01591314693635,52.935901249256396,25.853509815585962,40.60336109458655,132.8371505056514,52.951814396192745,0.8126036207139176,1.663831983179479,unripe
stereo20190406_065607_p0_snap_337.jpg,37.77770083102493,48.279085872576175,21.07323407202216,41.96052631578947,148.99324792243766,48.279085872576175,0.7824856731106201,1.7926855828135357,unripe
stereo20190406_065607_p0_snap_337.jpg,21.20635775862069,26.428396254458978,12.600865784780023,40.750185790725325,138.96679919738406,26.507933263971463,0.802407740914864,1.682927291786719,unripe
stereo20190406_065607_p0_snap_337.jpg,19.030478395061728,22.544753086419753,10.640882201646091,38.43887174211248,151.74847822359396,23.06678669410151,0.8441196885553027,1.7884288304431664,unripe
stereo20190406_065607_p0_snap_337.jpg,18.948473936899862,24.58397633744856,11.149219821673526,42.10326646090535,151.49166237997255,24.62710048010974,0.7707649067489037,1.6995320968328242,unripe
stereo20190406_065607_p0_snap_337.jpg,29.643724173553718,23.743414256198346,10.54713326446281,22.57115185950413,172.3433626033058,31.04661673553719,1.2485024844643067,2.8105927292591435,fully-ripe
stereo20190406_065607_p0_snap_337.jpg,44.31335514574658,54.01070791195717,27.00059488399762,40.362730517549075,132.0175490779298,54.02171326591315,0.8204548441289328,1.6411986078137701,unripe
stereo20190406_065607_p0_snap_337.jpg,30.65779298036883,39.292236763831056,15.792682926829269,40.098453301606185,159.83001189767995,39.68292682926829,0.7802504439270106,1.941264426682173,unripe
stereo20190406_065607_p0_snap_337.jpg,30.03286734086853,34.3953004164188,13.43723973825104,36.80443188578227,162.33610945865556,34.53747769185009,0.8731675038621592,2.235045706963063,unripe
stereo20190406_065607_p0_snap_337.jpg,31.23022010707912,38.93961927424152,16.635930993456277,39.58536585365854,153.3486020226056,39.29863176680547,0.8020163696765813,1.877274036939869,unripe
stereo20190406_065607_p0_snap_337.jpg,47.94010341855788,40.34214306233841,18.515369146796896,27.057239299051997,165.0767739155415,50.171071531169204,1.1883377504536954,2.5892045222768973,semi-ripe
stereo20190406_065607_p0_snap_337.jpg,21.886957908163264,21.477359693877553,9.656389508928571,29.768993144132654,161.56046715561226,23.764070471938776,1.0190706878972462,2.2665754340348063,semi-ripe
stereo20190406_065607_p0_snap_337.jpg,20.134167043911273,25.36079674060661,12.038082842915346,41.17134449977365,141.90858420099593,25.52659574468085,0.7939087762406757,1.672537943230819,unripe
stereo20190406_065607_p0_snap_255.jpg,34.590617283950614,36.55222222222222,25.758024691358024,35.214444444444446,90.66567901234568,36.89382716049383,0.9463339221980804,1.342905920363403,unripe
stereo20190406_065607_p0_snap_255.jpg,23.96595041322314,18.621570247933885,11.485702479338842,25.576280991735537,146.6405785123967,24.968512396694216,1.286998745226374,2.086588050705123,fully-ripe
stereo20190406_065607_p0_snap_255.jpg,16.58693827479339,14.18336776859504,8.133135330578513,24.512945506198346,146.75174328512398,17.293452995867767,1.1694631945516063,2.0394247982303737,fully-ripe
stereo20190406_065607_p0_snap_255.jpg,18.826725297962323,15.356857939254134,8.227292387543253,22.86034217608612,157.09856785851596,19.640811226451365,1.2259482449438004,2.2883230020167225,fully-ripe
stereo20190406_065607_p0_snap_255.jpg,32.10319444444445,34.157222222222224,25.569305555555555,40.88194444444444,76.90527777777778,34.32763888888889,0.9398652161154483,1.2555359323049713,unripe
stereo20190406_065607_p0_snap_255.jpg,23.425665680473372,25.559726331360945,15.389145710059172,36.24583949704142,108.03078772189349,25.58173076923077,0.9165065467334599,1.5222190301941718,unripe
stereo20190406_065607_p0_snap_255.jpg,29.353272928994084,18.979937130177515,11.457100591715976,15.906157544378699,157.19415680473372,29.64210428994083,1.5465413432223587,2.562013580476204,fully-ripe
stereo20190406_065607_p0_snap_255.jpg,37.29358552631579,31.4040425900277,21.929189750692522,21.655860457063714,121.44697887811634,37.56076869806094,1.187540538578715,1.7006359534454996,semi-ripe
stereo20190406_065607_p0_snap_255.jpg,41.289356506750934,43.54582016661879,31.11548405630566,35.4240879057742,83.06908934214306,44.07670209709853,0.9481816364222718,1.3269709435445556,unripe
stereo20190406_054921_p0_snap_405.jpg,29.55078125,33.0056640625,21.201953125,39.15625,107.0596875,33.294453125,0.8953242764878011,1.393775711983746,unripe
stereo20190406_054921_p0_snap_405.jpg,42.595268795873835,31.968161079150963,19.470144812537196,22.18909938504265,142.64451497718707,44.20650664550684,1.3324274538700047,2.187721115008595,fully-ripe
stereo20190406_054921_p0_snap_405.jpg,39.35305785123967,42.684462809917356,28.33801652892562,36.78702479338843,94.98619834710743,42.83338842975206,0.921952533570857,1.3887014260174617,unripe
stereo20190406_054921_p0_snap_405.jpg,45.4463296398892,41.7349376731302,25.381925207756233,26.72558864265928,115.96069944598338,46.21225761772853,1.0889274378831548,1.7904990012740114,unripe
stereo20190406_054921_p0_snap_405.jpg,51.7099395313681,41.79100529100529,29.347883597883598,23.483308138070043,117.15967498110355,52.36004031242126,1.2373458546363114,1.7619642567839051,fully-ripe
stereo20190406_054921_p0_snap_405.jpg,47.29881582262534,49.39405391786344,35.185563114134546,35.552343159486014,78.92365835222978,49.98387503149408,0.9575809737234366,1.3442673128898028,unripe
stereo20190406_054921_p0_snap_405.jpg,48.8530859375,52.7621484375,39.4459375,45.5845703125,78.5376953125,53.3959375,0.9259114369888688,1.238481746128674,unripe
stereo20190406_054921_p0_snap_405.jpg,34.94324766943814,37.6895313681028,24.058390022675738,36.12874779541446,94.96743512219703,37.73866213151928,0.9271337989538688,1.4524343944943605,unripe
stereo20190406_054921_p0_snap_405.jpg,25.5712890625,27.419453125,15.39578125,35.665546875,124.3746484375,28.2120703125,0.9325962709745799,1.6609272396116699,unripe
stereo20190406_054921_p0_snap_405.jpg,30.71845160590278,24.912434895833332,14.194471571180555,23.831217447916668,143.03851996527777,31.89328342013889,1.2330564797773227,2.164112260941695,fully-ripe
stereo20190406_065607_p0_snap_258.jpg,22.301897321428573,24.485251913265305,14.978396045918368,37.08657525510204,107.9202806122449,24.716039540816325,0.9108294369253263,1.4889366233669346,unripe
stereo20190406_065607_p0_snap_258.jpg,18.985704210069443,18.889539930555557,9.493815104166666,30.44341362847222,138.307861328125,19.681532118055557,1.0050903425368727,1.9997950248458827,semi-ripe
stereo20190406_065607_p0_snap_258.jpg,25.2594,18.3574,10.5671,18.958,152.9838,25.6657,1.3759784196136602,2.3903792049103303,fully-ripe
stereo20190406_065607_p0_snap_258.jpg,28.75840830449827,17.163148788927337,10.061730103806228,14.125882352941176,168.34709342560555,28.967716262975777,1.6755894796621884,2.858194309115511,fully-ripe
stereo20190406_065607_p0_snap_258.jpg,31.976204640095183,33.73735871505057,22.02468768590125,34.379238548483045,98.26353361094587,34.22694824509221,0.9477978235401116,1.45183398637813,unripe
stereo20190406_054921_p0_snap_953.jpg,42.89000472589792,28.861885633270322,17.320652173913043,16.770675803402646,148.27599243856332,43.14201323251418,1.4860425410331262,2.476233546688262,fully-ripe
stereo20190406_054921_p0_snap_953.jpg,42.478024574669185,26.1007797731569,16.054820415879018,14.358931947069943,159.1656427221172,42.56474480151229,1.627461273924948,2.645809608344186,fully-ripe
stereo20190406_054921_p0_snap_953.jpg,31.754068047337277,34.98992233727811,19.769877958579883,37.16752958579882,116.44905695266272,35.05639792899408,0.9075201329699812,1.6061835106939193,unripe
stereo20190406_054921_p0_snap_953.jpg,34.93753718024985,36.61897679952409,22.54714455681142,33.23691255205235,106.53301606186794,37.24256395002974,0.9540825739259368,1.549531986052552,unripe
stereo20190406_054921_p0_snap_953.jpg,35.55160618679358,36.642177275431294,22.84741225461035,32.18976799524093,104.41508030933967,37.96683521713266,0.9702370090398791,1.5560445196227626,unripe
stereo20190406_054921_p0_snap_953.jpg,42.68545508625818,42.06900654372397,27.842355740630577,28.88726948245092,97.12894110648423,44.10276621058893,1.0146530295495146,1.5331116430227396,unripe
stereo20190406_054921_p0_snap_953.jpg,38.4677,39.8206,25.7834,33.6156,100.9067,40.7065,0.966024880080943,1.4919554861052127,unripe
stereo20190406_054921_p0_snap_953.jpg,36.575337546681986,37.1009049123815,25.73542085607584,32.265010054582014,98.80235564492962,38.10686584314852,0.9858338435334887,1.4212055648583388,unripe
stereo20190406_065118_p0_snap_259.jpg,33.215724852071006,21.921449704142013,12.422100591715976,16.91085798816568,160.45328402366863,33.51110946745562,1.5152150130675361,2.6739195893346674,fully-ripe
stereo20190406_054921_p0_snap_946.jpg,53.26618620037807,37.02835538752363,26.554347826086957,14.402055765595463,133.99302930056712,53.35810491493384,1.4385238355222028,2.0059301207446056,fully-ripe
stereo20190406_054921_p0_snap_946.jpg,29.6201171875,19.887451171875,11.12890625,18.806884765625,158.426513671875,30.18017578125,1.4893865502243693,2.6615455199871776,fully-ripe
stereo20190406_054921_p0_snap_946.jpg,37.505651397977395,22.47159428911362,13.257882212968472,14.180249851279001,165.39158239143367,37.67028554431886,1.669024201184738,2.8289301795115285,fully-ripe
stereo20190406_054921_p0_snap_946.jpg,36.053466796875,38.531982421875,24.642822265625,35.205322265625,97.27587890625,38.568359375,0.9356761623467745,1.463040709292455,unripe
stereo20190406_054921_p0_snap_946.jpg,25.1096,26.7839,15.328,34.3132,117.7578,26.8002,0.9374882158728879,1.6381513321037762,unripe
stereo20190406_054921_p0_snap_946.jpg,30.2836,30.9565,19.3291,32.0342,107.4411,31.792,0.9782627305209793,1.566735354085108,unripe
stereo20190406_054921_p0_snap_946.jpg,30.8984,32.5811,19.9469,33.8258,107.0257,32.7692,0.9483532022082733,1.5490319051923331,unripe
stereo20190406_054921_p0_snap_946.jpg,36.41805515656421,36.52987647227808,23.34286124676817,30.927463372594083,99.76817006607297,37.66870152255099,0.9969386350051007,1.5601360591665134,unripe
stereo20190406_054921_p0_snap_946.jpg,34.25758477096966,35.766359309934565,23.457911957168353,33.28286734086853,93.20374776918501,35.8139500297442,0.9578155522051878,1.460384463445668,unripe
stereo20190406_054921_p0_snap_946.jpg,41.061719214753126,40.88578227245687,26.540303390838787,30.213563355145748,100.39604402141582,42.40035693039857,1.0043028869570119,1.54714522809391,unripe
stereo20190406_065607_p0_snap_341.jpg,18.36110854289941,21.22066845414201,10.871671597633137,37.204534948224854,179.70897281804733,21.302676590236686,0.8652460656513812,1.6888931466588195,unripe
stereo20190406_065607_p0_snap_341.jpg,20.580813807004283,30.030990173847318,12.517699672461577,45.981607457797935,163.9584908037289,30.030990173847318,0.6853189600034438,1.6441357361308027,unripe
stereo20190406_065607_p0_snap_341.jpg,39.91351606805293,31.81982514177694,13.115193761814744,24.03249054820416,173.91729678638941,41.824078449905485,1.2543596121794367,3.043301255010781,semi-ripe
stereo20190406_065607_p0_snap_341.jpg,21.80854752218935,22.03490199704142,9.077269785502958,30.356994267751478,173.09712463017752,24.353272928994084,0.9897270079915698,2.402542175357325,semi-ripe
stereo20190406_065607_p0_snap_341.jpg,15.573573088842975,20.585840650826448,8.140560433884298,41.48050103305785,163.3393917871901,20.896726497933884,0.7565183170226562,1.9130813025116225,unripe
stereo20190406_065607_p0_snap_341.jpg,20.205322265625,25.98090277777778,11.962565104166666,41.55018446180556,150.05148654513889,26.262288411458332,0.7776987066792816,1.689044548492516,unripe
stereo20190406_065607_p0_snap_341.jpg,47.42468836565097,53.73597645429363,20.51644736842105,36.38244459833795,166.86253462603878,53.93992382271468,0.8825498794181275,2.311543728726144,unripe
stereo20190406_065607_p0_snap_341.jpg,38.52233379501385,52.41326177285318,21.05211218836565,43.676246537396125,160.36755540166206,52.41326177285318,0.7349728893468166,1.8298551305342046,unripe
stereo20190406_065607_p0_snap_341.jpg,38.55777410207939,42.90016540642722,16.395085066162572,37.02941871455577,166.83518431001892,43.537216446124766,0.8987789382395565,2.3517871623481965,unripe
stereo20190406_065607_p0_snap_341.jpg,17.38427049886444,24.18026078784556,9.406707651343096,43.58025295637873,171.09650325005873,24.188053097345133,0.7189444093241009,1.8480697670756925,unripe
stereo20190406_065607_p0_snap_341.jpg,38.32080078125,51.575439453125,20.9130859375,43.283447265625,156.484619140625,51.575439453125,0.7430046890057321,1.83238296691097,unripe
stereo20190406_065607_p0_snap_341.jpg,22.836775519031143,30.34585856401384,14.28589965397924,42.53168252595156,150.80557958477507,30.358618079584776,0.7525497406955923,1.598552424883222,unripe
stereo20190406_065607_p0_snap_341.jpg,23.43322770484382,32.16014033499321,13.600582842915346,44.20181643277501,161.99855703938434,32.16528972385695,0.7286417339705749,1.7229563428222447,unripe
stereo20190406_065607_p0_snap_341.jpg,38.6744497323022,51.14500297441999,24.477543129089828,43.75490779298037,140.16463414634146,51.14500297441999,0.7561724493382199,1.5799965596373426,unripe
stereo20190406_065607_p0_snap_341.jpg,35.9766508030934,49.18396787626413,20.570791195716836,44.00639500297442,153.28004164187982,49.18396787626413,0.7314709455506546,1.7489183071092196,unripe
stereo20190406_065607_p0_snap_341.jpg,34.5965,46.8109,19.2466,43.1858,156.2299,46.8132,0.739069161441211,1.7975373325484332,unripe
stereo20190406_065607_p0_snap_341.jpg,32.09982763573686,27.8307239299052,11.748922723355358,31.038925596093076,165.9701953461649,34.92753519103706,1.1533949380057258,2.7321483909705733,semi-ripe
stereo20190406_065607_p0_snap_341.jpg,52.123,44.6355,20.3718,25.3251,156.9228,53.0645,1.1677473831933363,2.558584632391525,semi-ripe
stereo20190406_065607_p0_snap_341.jpg,24.741076740035695,31.770969660916123,11.214455681142177,40.89009518143962,173.331499107674,31.770969660916123,0.7787319435563883,2.20617526001612,unripe
stereo20190406_065607_p0_snap_341.jpg,27.298780487804876,36.64128494943486,13.680398572278406,41.6977989292088,168.6542236763831,36.81841165972635,0.7450277214677402,1.9954652921055556,unripe
stereo20190406_054921_p0_snap_462.jpg,44.20239039873041,29.42129537790121,17.40016861733783,20.654879984130133,150.78317794088474,44.894366197183096,1.5023939227363956,2.540341186767267,semi-ripe
stereo20190406_054921_p0_snap_462.jpg,28.604397506925206,32.87586565096953,18.348684210526315,38.77873961218837,116.88590720221606,32.90166204986149,0.8700725666019375,1.5589336864372279,unripe
stereo20190406_054921_p0_snap_462.jpg,28.43147448015123,29.772920604914933,17.629017013232513,35.547140831758036,114.47613421550095,30.28650756143667,0.954943766115444,1.6127648144625508,unripe
stereo20190406_054921_p0_snap_462.jpg,46.476843100189036,50.64874763705104,28.683719281663517,36.9812145557656,118.03189981096408,50.97353497164461,0.9176304665406022,1.6203207973343976,unripe
stereo20190406_054921_p0_snap_462.jpg,30.6726171875,34.85953125,22.788515625,41.0073828125,104.364453125,35.2591796875,0.8798915902973907,1.3459676019518705,unripe
stereo20190406_054921_p0_snap_462.jpg,40.32923910304863,40.17510707986899,25.629188712522044,30.8442932728647,96.66131267321744,41.56897203325775,1.0038362557319558,1.5735661327306485,unripe
stereo20190406_054921_p0_snap_462.jpg,37.534452908587255,39.62413434903047,24.598857340720222,37.024584487534625,109.03047091412742,41.46589335180055,0.9472621686909852,1.5258610239526702,unripe
stereo20190406_054921_p0_snap_462.jpg,57.71069944598338,38.45152354570637,26.048649584487535,16.62465373961219,141.54518698060943,57.98372576177285,1.5008686032608847,2.215495935934883,fully-ripe
stereo20190406_054921_p0_snap_462.jpg,47.4099173553719,49.93909090909091,35.02272727272727,36.471652892561984,80.39157024793388,50.084462809917355,0.949354643802596,1.3536896612673022,unripe
stereo20190406_054921_p0_snap_462.jpg,40.631752077562325,42.70983379501385,26.430574792243767,33.62742382271468,103.3213296398892,43.599549861495845,0.9513439635268782,1.5373005325817075,unripe
stereo20190406_054921_p0_snap_462.jpg,59.28930055401662,33.89941135734072,21.907548476454295,13.92053324099723,155.1760734072022,59.58292936288089,1.7489767724657008,2.7063399427982495,fully-ripe
stereo20190406_054921_p0_snap_462.jpg,52.61954416322314,44.77734375,30.757328254132233,26.489669421487605,110.28583419421487,53.51704545454545,1.1751374245340065,1.7107964196529175,semi-ripe
stereo20190406_054921_p0_snap_462.jpg,42.292660155127834,34.817652973283536,19.394857799482907,23.59752944556162,140.94893708704396,42.89794599253088,1.214689802344863,2.180610901418746,semi-ripe
stereo20190406_054921_p0_snap_462.jpg,37.1768,36.1265,21.6422,31.3144,109.9338,38.4368,1.0290725564135588,1.7177912976539829,semi-ripe
stereo20190406_054921_p0_snap_462.jpg,36.21534800713861,39.51502082093992,24.97114812611541,37.364663890541344,94.88920285544319,39.724271267102914,0.9164955019583906,1.4502870801680507,unripe
stereo20190406_054921_p0_snap_462.jpg,54.3245,56.452,39.5036,33.8853,84.6465,57.1027,0.9623129451015119,1.375178116632885,unripe
stereo20190405_133623_p3_snap_005.jpg,51.45871913580247,53.70968364197531,34.93788580246913,35.891782407407405,97.5792824074074,54.58101851851852,0.9580899768079545,1.4728625738292394,unripe
stereo20190405_133623_p3_snap_005.jpg,63.820179584120986,59.994092627599244,38.1023156899811,28.75508034026465,110.98546786389414,65.66859640831758,1.0637742176138762,1.6749680873391495,semi-ripe
stereo20190405_133623_p3_snap_005.jpg,80.46485457063712,88.5566135734072,64.43230609418282,41.74134349030471,76.4698753462604,88.99394044321329,0.908626044261245,1.2488275984525996,unripe
stereo20190405_133623_p3_snap_005.jpg,87.175048828125,50.94677734375,29.194091796875,13.66845703125,168.348876953125,87.4326171875,1.7111000197114365,2.9860500396506944,fully-ripe
stereo20190405_133623_p3_snap_005.jpg,45.393924159724214,42.650100545820166,26.144139615053145,27.63451594369434,117.74123814995691,46.9828353921287,1.0643330950093621,1.7362937723393204,semi-ripe
stereo20190405_133623_p3_snap_005.jpg,72.379638671875,79.09326171875,51.718505859375,37.5859375,94.169677734375,79.49755859375,0.9151175201002153,1.3994917964908067,unripe
stereo20190405_133623_p3_snap_005.jpg,35.531312841137606,40.2391554151106,21.357009480034474,37.69369434070669,126.13078138465958,40.5138609594944,0.8830032252059307,1.6636831218117263,unripe
stereo20190406_065607_p0_snap_085.jpg,59.48215973534972,67.76465028355388,32.6875,38.275874291115315,144.17403119092629,69.75685255198488,0.8777755173043451,1.8197213472469977,unripe
stereo20190406_065607_p0_snap_085.jpg,55.03029778393352,42.1547783933518,20.79051246537396,21.496364265927976,158.34764542936287,55.56786703601108,1.3054340890159066,2.646893452321122,fully-ripe
stereo20190406_065607_p0_snap_085.jpg,41.24896121883656,39.66603185595568,17.7262811634349,31.126904432132964,158.88902354570638,45.806613573407205,1.0399061587397385,2.326993325254823,semi-ripe
stereo20190406_065607_p0_snap_085.jpg,23.2399953011199,26.375479677343566,13.925209491737803,37.168689795598716,141.6121857623933,26.959335108465815,0.8811209037412852,1.668914110467616,semi-ripe
stereo20190406_065607_p0_snap_085.jpg,30.10301246537396,34.323753462603875,18.11288088642659,37.4046052631579,129.47437673130193,34.73580332409972,0.8770312293455678,1.661966201537299,unripe
stereo20190406_065607_p0_snap_085.jpg,36.06665512465374,44.24532548476454,25.722991689750693,43.68472991689751,119.5713296398892,44.25,0.8151515799235594,1.4021168897650258,unripe
stereo20190406_065607_p0_snap_085.jpg,35.59989612188366,42.15443213296399,22.36790166204986,39.3601108033241,128.10249307479225,42.25207756232687,0.8445111433237352,1.5915610120315176,unripe
stereo20190406_065607_p0_snap_085.jpg,36.19615650969529,43.93836565096953,24.581024930747922,42.25831024930748,118.20810249307479,43.94304016620499,0.8237936877144569,1.472523700148127,unripe
stereo20190406_065607_p0_snap_085.jpg,35.33329395085066,42.047613421550096,18.831994328922494,39.64792060491494,146.04206049149337,43.205458412098295,0.8403160767640857,1.8762365032268615,unripe
stereo20190406_065607_p0_snap_085.jpg,26.31786703601108,32.26402354570637,14.93213296398892,40.01402354570637,141.90010387811634,32.3810595567867,0.815702940512018,1.7624976602139777,unripe
stereo20190406_065607_p0_snap_085.jpg,45.12586565096953,50.72939750692521,29.40391274238227,37.23753462603878,113.30141966759003,51.18853878116344,0.889540561750288,1.5346886211861093,unripe
stereo20190406_065607_p0_snap_085.jpg,36.78343572778828,41.639886578449904,21.675567107750474,36.849243856332706,128.72518903591683,42.38362476370511,0.8833700068992243,1.6969991407811575,unripe
stereo20190406_054921_p0_snap_828.jpg,36.563657407407405,37.663773148148145,24.00906635802469,33.26466049382716,104.64949845679013,39.5210262345679,0.9707908858647187,1.522909788871846,unripe
stereo20190406_054921_p0_snap_828.jpg,59.70235284196323,51.296761679878564,31.890242874009108,24.407572946533985,127.04440040479001,61.92372238151459,1.1638617964994042,1.8721191417902265,fully-ripe
stereo20190406_054921_p0_snap_828.jpg,31.294163223140497,36.687887396694215,20.32605888429752,41.01717458677686,121.62138429752066,36.923037190082646,0.8529832845084295,1.5396072600795006,unripe
stereo20190406_054921_p0_snap_828.jpg,30.956573468173705,33.00847709696609,18.869720404521118,35.07331945270672,114.03108268887567,33.36377156454491,0.9378367865584186,1.6405413752364275,unripe
stereo20190406_054921_p0_snap_828.jpg,40.98096811261132,37.16704969836254,19.75897730537202,26.66353059465671,136.22285262855502,41.91726515369147,1.1026152847494903,2.0740419273142368,semi-ripe
stereo20190406_054921_p0_snap_828.jpg,34.3097,38.3811,21.4598,37.3798,117.5841,38.5691,0.8939215150369542,1.5987886192841407,unripe
stereo20190406_054921_p0_snap_828.jpg,52.732,56.8752,33.1391,34.2761,113.7966,57.9734,0.9271526206232908,1.591231629334644,unripe
stereo20190405_133623_p3_snap_030.jpg,150.53123140987506,175.56573468173707,90.71029149315883,39.25223081499108,127.86109458655562,175.7150505651398,0.8574066181461298,1.6594722863006666,unripe
stereo20190405_133623_p3_snap_030.jpg,146.7270969660916,178.8140987507436,73.94854253420583,39.67668054729328,152.8282272456871,178.87953599048186,0.8205565992033693,1.9841780797294328,unripe
stereo20190405_133623_p3_snap_030.jpg,114.9988,148.4995,58.1831,41.48,156.4993,148.5045,0.7744052488792723,1.976497990568053,unripe
stereo20190405_133623_p3_snap_030.jpg,102.81082396193771,131.85250865051904,54.26313797577855,43.048010380622834,148.90338451557093,131.85256271626298,0.7797410699028235,1.8946712049921872,unripe
stereo20190405_133623_p3_snap_030.jpg,146.77420281528296,177.3866704969836,83.91288422866992,40.494182706118934,135.11038494685434,177.4304079287561,0.8274251618219937,1.7491257352572123,unripe
stereo20190405_133623_p2_snap_159.jpg,82.00624589086128,67.85009861932939,55.726824457593686,32.40006574621959,93.63724523339909,83.88954635108482,1.2086383877578502,1.4715755289000916,fully-ripe
stereo20190405_133623_p2_snap_159.jpg,80.55092592592592,87.18595679012346,55.71219135802469,37.15625,101.93306327160494,88.30034722222223,0.9238978346117376,1.445839941026195,unripe
stereo20190405_133623_p2_snap_159.jpg,60.73799070247934,66.16464359504133,39.01433367768595,37.70790289256198,109.39294938016529,67.34065082644628,0.9179824483662272,1.55681180245557,unripe
stereo20190405_133623_p2_snap_159.jpg,68.91819444444444,71.0682638888889,43.881875,33.80833333333333,109.72409722222223,73.19868055555555,0.9697462830206629,1.5705386048125425,unripe
stereo20190405_133623_p2_snap_159.jpg,31.156828703703702,32.39506172839506,18.484953703703702,33.416859567901234,119.14872685185185,33.50983796296296,0.9617768086740794,1.6855228499832557,unripe
stereo20190405_133623_p2_snap_159.jpg,63.843010355029584,69.82969674556213,50.604659763313606,42.0936575443787,82.94535872781066,70.10854289940828,0.9142671984525694,1.2616031416395737,unripe
stereo20190405_133623_p2_snap_159.jpg,71.06666666666666,74.78583333333333,46.87451388888889,33.645069444444445,100.83625,76.69930555555555,0.9502689747030109,1.516104288016294,unripe
stereo20190405_133623_p2_snap_159.jpg,75.97833333333334,80.80333333333333,55.01159722222222,35.583194444444445,85.00284722222223,81.02659722222222,0.9402870005007632,1.3811327676069332,unripe
stereo20190405_133623_p2_snap_159.jpg,43.538369082840234,44.799371301775146,27.794008875739646,34.405880177514796,114.60613905325444,47.70210798816568,0.9718520170972774,1.5664654067297636,unripe
stereo20190405_133623_p2_snap_159.jpg,71.1432638888889,50.23423611111111,31.336875,18.660208333333333,141.07993055555556,71.98868055555556,1.4162303487451562,2.2702723607942814,fully-ripe
stereo20190405_135700_p0_snap_161.jpg,81.25869822485207,67.52721893491125,44.81597633136095,22.56621301775148,116.92372781065089,82.31485207100592,1.2033471461293996,1.8131632231418622,fully-ripe
stereo20190405_135700_p0_snap_161.jpg,50.79478278119421,53.31531442174172,31.249702439992063,35.21776433247371,113.51884546716921,54.80375917476691,0.9527238806499759,1.6254480062411452,semi-ripe
stereo20190405_135700_p0_snap_161.jpg,65.40841412742382,70.82375346260388,41.064750692520775,35.21502770083102,110.58985457063712,71.75398199445983,0.9235376790158935,1.5928112820912363,unripe
stereo20190405_135700_p0_snap_161.jpg,88.48853615520282,67.27815570672713,34.987528344671205,20.35745779793399,153.53426555807508,89.92907533383723,1.3152638040242357,2.529144385165929,fully-ripe
stereo20190405_135700_p0_snap_161.jpg,70.48268447261204,73.40889542779539,37.6014033499321,32.88014938886374,133.8469895880489,76.61441828881847,0.9601380658364186,1.8744690210624573,unripe
stereo20190405_135700_p0_snap_161.jpg,91.65040742417384,59.12301946582164,31.067451335445902,16.04572204617474,167.49185151652333,91.92756903576279,1.5501642634391037,2.9500449500715025,fully-ripe
stereo20190405_135700_p0_snap_161.jpg,35.853989745233136,40.00897292100625,19.614124339048228,36.24363082839289,135.20165037654223,40.55095337285692,0.8961484928527992,1.8279669714433568,unripe
stereo20190406_054921_p0_snap_950.jpg,36.63056592933065,35.499281815570235,23.59903763286412,28.335894857799484,97.27240735420857,37.22859810399311,1.031867512164404,1.5522052626530058,unripe
stereo20190406_054921_p0_snap_950.jpg,26.31416420118343,28.355491863905325,17.22549926035503,35.95053624260355,111.25277366863905,28.606046597633135,0.928009115390746,1.527627648242957,unripe
stereo20190406_054921_p0_snap_950.jpg,36.94486053719008,36.21138946280992,24.063145661157026,28.93130165289256,95.42729855371901,37.71203512396694,1.020254977307172,1.535328992482346,unripe
stereo20190406_054921_p0_snap_950.jpg,45.117476851851855,44.90702160493827,33.030092592592595,31.43383487654321,77.30690586419753,45.72087191358025,1.0046862426527083,1.365950248727656,unripe
stereo20190406_054921_p0_snap_950.jpg,48.9169921875,49.377197265625,37.2646484375,30.919189453125,78.291748046875,50.553466796875,0.9906796049511413,1.3126912801184856,unripe
stereo20190406_054921_p0_snap_950.jpg,47.46237358715051,38.74256395002974,27.409428911362284,20.780636525877455,112.21995835812017,48.07168352171327,1.2250702198663306,1.7316069015727098,semi-ripe
stereo20190406_054921_p0_snap_950.jpg,44.11763831052944,44.766359309934565,33.38221296847115,38.413295657346815,72.82525282569898,45.53599048185604,0.9855085187964716,1.3215907865751684,unripe
stereo20190406_054921_p0_snap_950.jpg,43.02439024390244,27.58982748364069,19.844883997620464,13.172813801308745,142.07733491969066,43.09770969660916,1.5594289118018045,2.1680332608005544,fully-ripe
stereo20190406_054921_p0_snap_950.jpg,32.415823914336706,32.58566329565735,21.169393218322426,30.367935752528258,98.06499107674004,33.66046995835812,0.9947876055903598,1.5312582778091892,unripe
stereo20190406_054921_p0_snap_950.jpg,35.41136228435455,34.595478881618085,22.730071386079715,28.89976204640095,100.63875669244497,36.39470553242118,1.023583230909911,1.5579074127750845,unripe
stereo20190406_054921_p0_snap_950.jpg,31.0765,31.7177,21.0413,31.8053,92.9376,32.1616,0.979783849464542,1.4769280049578661,unripe
stereo20190406_054921_p0_snap_950.jpg,32.6093,32.9096,22.0089,30.6158,94.8755,33.5604,0.990874701948762,1.4816408445488667,unripe
stereo20190406_054921_p0_snap_950.jpg,39.6917,38.2263,25.8368,27.769,95.7838,40.7092,1.0383345920649938,1.5362461542272439,unripe
stereo20190405_133623_p2_snap_084.jpg,58.500708616780045,49.99560657596372,30.67375283446712,26.28344671201814,122.81519274376417,60.64654195011338,1.1701167546937563,1.9071904849914496,fully-ripe
stereo20190405_133623_p2_snap_084.jpg,61.99584487534626,58.5981648199446,36.85301246537396,28.422437673130194,105.25675207756233,63.169148199445985,1.0579825236168485,1.682245870975597,semi-ripe
stereo20190405_133623_p2_snap_084.jpg,51.67810768698061,40.027570983379505,23.135517659279778,20.5112101800554,143.23498095567868,52.28614092797784,1.2910624728593691,2.2337120833400252,semi-ripe
stereo20190405_133623_p2_snap_084.jpg,36.70222107438016,41.44098657024794,23.09039256198347,37.75929752066116,117.04132231404958,41.533186983471076,0.8856500594083222,1.5895011347618286,unripe
stereo20190405_133623_p2_snap_084.jpg,33.08299091695502,34.701557093425606,18.96875,34.143382352941174,124.96491133217994,35.890408737024224,0.9533572598576611,1.7440776791395443,unripe
stereo20190405_133623_p2_snap_084.jpg,44.67729166666667,47.80076388888889,27.38361111111111,34.68819444444444,118.87645833333333,48.442708333333336,0.9346562415603847,1.631533371185103,unripe
stereo20190405_133623_p2_snap_084.jpg,51.558680555555554,55.64576388888889,35.82180555555556,36.33569444444444,93.20291666666667,55.683680555555554,0.9265515950682208,1.4393095312434376,unripe
stereo20190405_133623_p2_snap_084.jpg,62.462925295857985,67.67307692307692,47.45469674556213,38.81666050295858,83.0415125739645,67.87795857988165,0.9230098424039492,1.3162640669294492,unripe
stereo20190405_133623_p2_snap_084.jpg,75.9897762345679,82.83815586419753,52.31905864197531,37.27932098765432,101.24440586419753,83.29996141975309,0.9173280871421431,1.4524298349913993,unripe
stereo20190405_133623_p2_snap_084.jpg,59.36940586419753,66.47434413580247,37.88233024691358,37.37210648148148,116.3227237654321,66.57831790123457,0.8931174531295178,1.5672053383511484,unripe
stereo20190405_133623_p2_snap_084.jpg,55.846720041322314,52.60627582644628,31.85705061983471,27.60963326446281,120.15069731404958,57.45441632231405,1.0615978521191662,1.7530405804781395,semi-ripe
stereo20190405_133623_p2_snap_084.jpg,57.91206095041322,55.226756198347104,32.60446797520661,28.409994834710744,118.16296487603306,59.35278925619835,1.0486230669820837,1.776199606521878,semi-ripe
stereo20190405_133623_p2_snap_084.jpg,49.25427119377163,53.60175173010381,35.297253460207614,38.970317906574394,106.25486591695501,54.497837370242216,0.9188927677746356,1.39541330872005,unripe
stereo20190405_133623_p2_snap_084.jpg,76.55270833333333,57.20263888888889,36.29826388888889,20.564166666666665,137.01513888888888,78.6829861111111,1.3382720873998373,2.108990321899757,fully-ripe
stereo20190405_133623_p2_snap_084.jpg,76.17652777777778,61.28993055555556,42.41236111111111,21.146805555555556,114.4413888888889,76.87416666666667,1.2428879370298693,1.7960921726873504,fully-ripe
stereo20190405_133623_p2_snap_084.jpg,75.03854887543253,74.70490916955018,54.47421064013841,33.82947664359862,81.33958693771626,78.07990916955018,1.0044659670285585,1.3775056897306326,unripe
stereo20190405_133623_p2_snap_084.jpg,67.03726627423822,70.66897506925208,49.15057998614959,36.71355609418283,87.46243074792244,72.8113746537396,0.9486094389008847,1.363915800260567,unripe
stereo20190405_133623_p3_snap_033.jpg,151.63726756198346,172.09749483471074,103.99586776859505,39.85885847107438,108.90986570247934,172.80785123966942,0.8811125280847151,1.4581084444462018,unripe
stereo20190405_133623_p3_snap_033.jpg,112.4791050295858,137.82479659763314,60.662629437869825,40.25600961538461,144.09772559171597,137.84448964497042,0.816102034214771,1.8541742672569657,unripe
stereo20190405_133623_p3_snap_033.jpg,106.88029844290658,132.5414143598616,62.50281141868512,42.383488321799305,136.72075043252596,132.5707179930796,0.8063916542251515,1.7100075807290658,unripe
stereo20190405_133623_p3_snap_033.jpg,128.71729166666665,150.62097222222224,82.21472222222222,41.418958333333336,121.70138888888889,150.731875,0.8545774285070094,1.5656231941344818,unripe
stereo20190405_133623_p3_snap_033.jpg,63.70805555555555,81.30194444444444,37.85590277777778,42.97506944444444,134.59659722222221,81.36888888888889,0.783598081877463,1.6829089798873778,unripe
stereo20190405_133623_p3_snap_038.jpg,40.67464416896235,43.753041781450875,26.672692837465565,35.9306129476584,106.40478650137742,44.09263085399449,0.9296413052999055,1.5249539732369788,unripe
stereo20190405_133623_p3_snap_038.jpg,56.85804733727811,64.43597633136095,42.11431952662722,42.09775147928994,91.5594674556213,64.6133727810651,0.8823958563292037,1.3500879148824871,unripe
stereo20190405_133623_p3_snap_038.jpg,78.8054729327781,85.7413741820345,66.5725758477097,48.255353955978585,68.42935752528257,86.10425342058299,0.9191066097728138,1.1837526202309783,unripe
stereo20190405_133623_p3_snap_038.jpg,38.89513330898466,42.612216946676405,25.905588020452885,37.16946676406136,106.80583455076699,43.25954163623083,0.9127693175401699,1.5014180826196843,unripe
stereo20190405_133623_p3_snap_038.jpg,70.60407655709342,50.35121107266436,33.63532655709343,18.112510813148788,139.40149221453288,71.24545847750865,1.4022316649521,2.099104209563902,fully-ripe
stereo20190405_133623_p2_snap_157.jpg,66.02525252525253,70.04178145087236,49.26767676767677,36.09618916437098,79.51423324150596,70.58034894398531,0.9426551085798961,1.3401329929817194,unripe
stereo20190405_133623_p2_snap_157.jpg,73.33596318211703,57.37278106508876,42.833333333333336,23.15483234714004,106.78254437869822,74.4120644312952,1.2782359341541922,1.7121232543397154,fully-ripe
stereo20190405_133623_p2_snap_157.jpg,69.43523997370151,46.00098619329388,28.02317554240631,20.458251150558844,146.31426692965155,70.7810650887574,1.50942904979575,2.4777782621689486,fully-ripe
stereo20190405_133623_p2_snap_157.jpg,74.77487056213018,51.57359467455621,32.11612426035503,16.432045118343197,148.09467455621302,75.4272374260355,1.4498670595933791,2.3282649759760834,fully-ripe
stereo20190405_133623_p2_snap_157.jpg,64.390625,68.22133875739645,40.34310281065089,34.36251849112426,113.9891826923077,68.83727810650888,0.9438486071124307,1.5960747823851702,unripe
stereo20190405_133623_p2_snap_157.jpg,76.6525,79.03798611111111,54.92715277777778,33.482083333333335,85.28472222222223,80.57694444444445,0.9698183629585245,1.395529936802266,unripe
stereo20190405_133623_p2_snap_157.jpg,71.25447215923407,76.10481229528848,51.723796926177876,36.38599143361048,83.46995464852608,76.1509196271101,0.9362675059244611,1.37759527756592,unripe
stereo20190405_135700_p1_snap_014.jpg,63.41804407713499,48.83425160697888,38.61432506887052,20.519972451790633,110.85055096418733,63.74058769513315,1.2986383328067346,1.6423445843111335,fully-ripe
stereo20190405_135700_p1_snap_014.jpg,49.04163265306122,42.07469387755102,26.244693877551022,21.34795918367347,124.04020408163265,49.16877551020408,1.1655847369903274,1.8686296817016117,semi-ripe
stereo20190405_135700_p1_snap_014.jpg,58.98100575282682,61.5374925609998,50.0971037492561,44.5323348541956,64.9565562388415,62.408053957548105,0.9584562794754495,1.177333409825484,unripe
stereo20190405_135700_p1_snap_014.jpg,77.98869720404521,57.586406900654374,44.087001784651996,25.484830458060678,114.62552052349791,78.75386674598454,1.3542898030726234,1.7689721767714681,fully-ripe
stereo20190405_135700_p1_snap_014.jpg,68.88057703747769,70.39961332540155,50.755353955978585,35.03688280785247,78.80963712076145,71.88578227245686,0.9784225225055181,1.3571093115836892,unripe
stereo20190405_135700_p1_snap_014.jpg,56.044616299821534,60.18426531826294,46.52795954788816,45.50758477096966,77.82644259369422,61.11213563355146,0.9312169333841721,1.2045360423935654,unripe
stereo20190405_135700_p1_snap_014.jpg,54.97546103509816,56.98810232004759,41.14069006543724,36.62299226650803,83.10841760856633,58.654223676383104,0.9646829627616669,1.3362791821154167,unripe
stereo20190406_065607_p0_snap_302.jpg,48.324298346789696,34.53729334871203,23.584967320261438,15.688581314878892,133.629661668589,48.549884659746255,1.3991914151164266,2.048944024435213,semi-ripe
stereo20190406_065607_p0_snap_302.jpg,25.509720994823887,28.591623532382275,16.80592728190885,37.43630854690064,119.12662542608257,28.707612675167276,0.892209287934952,1.517899333248401,unripe
stereo20190406_065607_p0_snap_302.jpg,31.282123735871505,27.521415823914335,15.44125520523498,26.67296252230815,133.98929208804284,32.07748364069007,1.1366461874475038,2.0258782761704057,semi-ripe
stereo20190406_065607_p0_snap_302.jpg,46.30778546712803,36.935017301038066,26.85726643598616,25.17982698961938,124.30321799307958,47.15484429065744,1.2537634015997203,1.724217478920538,semi-ripe
stereo20190406_065607_p0_snap_302.jpg,26.842398356401382,29.71080233564014,19.24508001730104,38.43836505190311,100.16733347750865,29.753946799307958,0.9034555519103764,1.3947660588893314,unripe
stereo20190406_065607_p0_snap_302.jpg,30.519409602076124,33.6219723183391,21.296442474048444,37.815798010380625,99.92360510380622,33.81428416955017,0.9077218979271582,1.4330748108994513,unripe
stereo20190406_065607_p0_snap_302.jpg,41.90828427977839,44.94403566481994,32.39780990304709,41.285318559556785,85.78579466759003,45.254544667590025,0.9324546479931645,1.2935526033909712,unripe
stereo20190406_065607_p0_snap_302.jpg,33.4574,33.3206,21.2357,31.3265,108.5372,35.6559,1.0041052669804063,1.5755253768298776,unripe
stereo20190406_065607_p0_snap_302.jpg,32.65576397398435,34.61876708455085,23.95788952775945,35.959421246111795,89.73230276180601,35.01769723819399,0.9432962895895438,1.3630478722121233,unripe
stereo20190406_065607_p0_snap_302.jpg,31.02533226505797,33.067254218116695,22.089169573004053,36.09154962767462,94.30123008766142,33.346403996606654,0.9382491415198477,1.404548872560894,unripe
stereo20190406_065607_p0_snap_220.jpg,58.528624011277316,63.258810400187954,53.08522593781815,49.88703109092333,86.72121935938601,64.97454773279036,0.9252247139768577,1.1025405270843163,unripe
stereo20190406_065607_p0_snap_220.jpg,60.643093532986114,46.433512369791664,32.67822265625,19.796006944444443,130.57231987847223,61.25664605034722,1.3060196693679822,1.855764177056484,semi-ripe
stereo20190406_065607_p0_snap_220.jpg,44.32077032136106,46.46431947069943,26.44896030245747,33.62535444234405,119.3602315689981,47.417769376181475,0.953866564442943,1.675708725690658,unripe
stereo20190406_065607_p0_snap_220.jpg,22.895209194214875,19.08225723140496,9.740831611570249,22.81204803719008,153.23631198347107,23.169227789256198,1.1998159818522351,2.350434398504105,semi-ripe
stereo20190406_065607_p0_snap_220.jpg,47.012858072916664,44.95396592881944,28.265869140625,27.649278428819443,109.98735894097223,47.64691840277778,1.0457997785859314,1.6632370724796477,unripe
stereo20190406_065607_p0_snap_220.jpg,26.413923816568047,28.910225591715978,16.748058431952664,36.765347633136095,119.5203402366864,29.046967455621303,0.9136530116737192,1.5771325465911317,unripe
stereo20190406_065607_p0_snap_220.jpg,23.336725,16.00235,8.4183,16.123325,177.4685,23.9323,1.458330208794203,2.772138944752569,semi-ripe
stereo20190406_065607_p0_snap_220.jpg,53.938232421875,55.787841796875,35.259765625,31.494384765625,99.8193359375,57.220703125,0.9668454813113343,1.5297383907239481,unripe
stereo20190405_135700_p0_snap_105.jpg,81.88200183654729,59.71280991735537,42.06198347107438,14.85720844811754,123.66827364554638,82.01056014692378,1.3712633560075513,1.946698077751753,fully-ripe
stereo20190405_135700_p0_snap_105.jpg,69.19714285714285,73.74428571428571,56.478367346938775,44.15673469387755,71.97285714285714,74.02326530612245,0.9383389208195803,1.2251970773181828,unripe
stereo20190405_135700_p0_snap_105.jpg,74.27582908163265,53.27611252834467,35.618090986394556,17.936755952380953,132.08804563492063,74.59849773242631,1.394167322182943,2.085339392743162,fully-ripe
stereo20190405_135700_p0_snap_105.jpg,40.70103458049886,37.81944444444444,21.917765022675738,26.619720804988663,127.13857001133786,41.98614654195011,1.0761930646114255,1.8569875153107605,semi-ripe
stereo20190405_135700_p0_snap_105.jpg,56.92906746031746,48.470379818594104,27.803039965986393,25.180342970521544,130.3012329931973,57.999185090702944,1.1745122676623998,2.047583539574369,semi-ripe
stereo20190405_135700_p0_snap_105.jpg,49.57680555555555,52.37694444444445,32.02875,33.91416666666667,106.66340277777778,52.850833333333334,0.9465385317151462,1.5478840128545577,unripe
stereo20190405_135700_p0_snap_105.jpg,50.050925,54.8232,33.845475,37.363975,97.729675,54.849325,0.912951375886235,1.4788065527794916,unripe
stereo20190406_054921_p0_snap_467.jpg,55.04108796296296,41.67264660493827,22.473765432098766,20.592978395061728,154.87403549382717,55.823881172839506,1.320796235401045,2.44912512048817,fully-ripe
stereo20190406_054921_p0_snap_467.jpg,42.68527777777778,41.12034722222222,20.534861111111113,29.618680555555557,138.64618055555556,44.75548611111111,1.0380570758930527,2.0786727877089723,semi-ripe
stereo20190406_054921_p0_snap_467.jpg,47.97879155124654,42.74826869806094,20.56436114958449,28.192304362880886,146.01627423822714,49.79947195290859,1.1223561044441037,2.3331027825869586,semi-ripe
stereo20190405_135104_p0_snap_021.jpg,56.457035755478664,58.694732795078814,30.96559015763168,33.42704728950404,137.85322952710496,62.28219915417147,0.9618755116209867,1.8232178762265794,fully-ripe
stereo20190405_135104_p0_snap_021.jpg,36.75996826026582,33.06045427494545,14.205613965483039,27.278813727435033,166.46181313231503,39.72262447926999,1.1119011504059246,2.587705288383358,fully-ripe
stereo20190405_135104_p0_snap_021.jpg,32.98454963839579,44.52383300460224,19.14792899408284,43.88691650230112,147.99802761341223,44.52383300460224,0.7408289000342203,1.722616185929399,unripe
stereo20190405_135104_p0_snap_021.jpg,20.330061983471076,21.18813131313131,9.369547750229568,33.18388429752066,150.07730716253442,22.400022956841138,0.9595019064211904,2.1697995279417492,semi-ripe
stereo20190405_135104_p0_snap_021.jpg,24.5788608033241,32.26484591412743,12.661833448753463,41.79198407202216,155.58370844875347,32.26484591412743,0.7617843039107466,1.9411755407340667,unripe
stereo20190406_054921_p0_snap_465.jpg,42.091909577632364,44.08625817965497,24.526174895895302,34.626561570493756,131.5666270077335,47.505056513979774,0.9547623628769066,1.7162028972829304,unripe
stereo20190406_054921_p0_snap_465.jpg,56.80921052631579,42.505713296398895,25.025796398891966,20.517139889196677,148.28185595567868,57.70914127423823,1.336507324676644,2.270025174047181,fully-ripe
stereo20190406_054921_p0_snap_465.jpg,29.325208333333332,35.34965277777778,18.632361111111113,40.602777777777774,125.93756944444445,35.35118055555556,0.8295753347827787,1.5738849424186125,unripe
stereo20190406_054921_p0_snap_465.jpg,65.67091049382717,43.39332561728395,26.294560185185187,17.56134259259259,151.76658950617283,66.60474537037037,1.5133870111536172,2.4975084221314745,fully-ripe
stereo20190406_054921_p0_snap_465.jpg,44.59517045454545,47.65340909090909,27.814178719008265,36.160769628099175,117.91464359504133,50.05126549586777,0.9358231015799857,1.6033245084034766,unripe
stereo20190406_054921_p0_snap_465.jpg,43.70235020661157,50.73540805785124,25.687887396694215,38.44873450413223,133.26510847107437,51.23037190082645,0.861377552004791,1.701281717679067,unripe
stereo20190406_054921_p0_snap_465.jpg,48.89981617647059,43.61516003460208,25.776059688581316,28.823529411764707,131.1394355536332,53.276600346020764,1.1211653224709643,1.897101333417522,fully-ripe
stereo20190406_054921_p0_snap_465.jpg,46.28861111111111,51.83465277777778,28.818055555555556,37.246944444444445,117.13138888888889,52.36131944444445,0.8930049629059352,1.6062358877585237,unripe
stereo20190406_054921_p0_snap_465.jpg,55.66715277777778,61.39930555555556,38.62888888888889,37.94923611111111,105.99590277777777,62.198541666666664,0.9066412593379615,1.441075318711446,unripe
stereo20190406_054921_p0_snap_465.jpg,47.73115079365079,41.005739795918366,20.931476757369616,26.650368480725625,142.4889455782313,49.168969671201815,1.1640111699262685,2.2803516705207514,semi-ripe
stereo20190406_054921_p0_snap_469.jpg,30.61706349206349,38.15504535147392,21.839002267573697,44.07950680272109,115.07695578231292,38.16454081632653,0.8024379262466659,1.401943600605204,unripe
stereo20190406_054921_p0_snap_469.jpg,45.19696362762378,41.15582438711745,21.596298670084924,30.065934946322706,133.90690594456018,47.36893126101586,1.0981909199676263,2.092809670303997,semi-ripe
stereo20190406_054921_p0_snap_469.jpg,35.47069033921841,33.77077960722079,18.06625669510018,29.769986113866295,132.30728030152747,37.23487403292997,1.0503364224458094,1.9633658097629296,fully-ripe
stereo20190406_054921_p0_snap_469.jpg,51.06468883849836,41.04509952129,22.6758629377677,23.969009826152682,140.75472411186698,52.229465860418244,1.2441114041128634,2.251939273898814,fully-ripe
stereo20190406_054921_p0_snap_469.jpg,41.03747795414462,39.82867220962459,20.767069790879315,30.943877551020407,133.2838246409675,42.94639707734946,1.030349880474527,1.976083222455179,unripe
stereo20190405_135700_p0_snap_158.jpg,51.810578512396695,57.4801652892562,34.741404958677684,38.11520661157025,106.81710743801654,58.546198347107435,0.9013643095497096,1.4913203326353144,unripe
stereo20190405_135700_p0_snap_158.jpg,59.00658574380165,41.578512396694215,25.93879132231405,19.465521694214875,149.05010330578511,60.59736570247934,1.4191602380870822,2.2748385713969284,fully-ripe
stereo20190405_135700_p0_snap_158.jpg,47.70247933884298,48.604855371900825,31.146435950413224,32.47766012396694,109.44059917355372,50.05074896694215,0.9814342447787227,1.531554496291096,unripe
stereo20190405_135700_p0_snap_158.jpg,87.48979591836735,63.709079550187425,43.129425239483545,18.88192419825073,139.47063723448562,88.89181591003748,1.3732702277819626,2.0285402633390706,semi-ripe
stereo20190405_135700_p0_snap_158.jpg,71.03461720226844,74.09723534971644,46.79359640831758,34.34617202268431,107.44636105860114,76.02906427221173,0.9586674493364317,1.5180410884005298,unripe
stereo20190405_135700_p0_snap_158.jpg,37.33578125,40.6809375,23.2269921875,36.2538671875,116.4204296875,40.967265625,0.91777068982968,1.607430048381055,unripe
stereo20190405_135700_p0_snap_158.jpg,82.69221157850896,78.85985006247397,52.20637234485631,26.01884631403582,98.24635568513119,84.0045814244065,1.0485969860078237,1.583948319427199,unripe
stereo20190405_135700_p0_snap_158.jpg,74.44244497323022,76.49955383700178,52.93961927424152,33.0406008328376,86.09949434860202,78.22888161808447,0.9731094040202022,1.4061761669617732,unripe
stereo20190405_135700_p0_snap_158.jpg,79.12328902995438,58.19316603848443,37.03511208093632,20.086143622297165,130.5528664947431,79.65284665740924,1.3596661054833714,2.1364392658687295,fully-ripe
stereo20190405_135700_p0_snap_158.jpg,80.48730410632811,84.79527871454077,59.33237452886332,37.08549890894664,84.10543542947828,85.28089664749058,0.9491954721362494,1.356549289994802,unripe
stereo20190406_065607_p0_snap_135.jpg,23.6425,33.59222222222222,12.580555555555556,44.424166666666665,168.26277777777779,33.59222222222222,0.7038085425106049,1.8792875324718221,unripe
stereo20190406_065607_p0_snap_135.jpg,21.623961218836566,28.08275623268698,10.559729916897506,41.125519390581715,169.14456371191136,28.08656509695291,0.7700082335075425,2.047774035062577,unripe
stereo20190406_065607_p0_snap_135.jpg,50.717451523545705,38.35093490304709,15.823753462603879,22.535318559556785,179.69078947368422,52.78116343490305,1.3224563736763644,3.2051446954073652,fully-ripe
stereo20190406_065607_p0_snap_135.jpg,44.80695983379501,58.043282548476455,24.59729916897507,41.517486149584485,150.90131578947367,58.40096952908587,0.7719575831500813,1.8216203864409144,semi-ripe
stereo20190406_065607_p0_snap_135.jpg,48.98234072022161,40.73545706371191,16.615304709141274,25.02181440443213,169.73684210526315,50.06769390581717,1.2024494685088856,2.948023650329832,semi-ripe
stereo20190406_065607_p0_snap_135.jpg,57.15685595567867,44.25744459833795,18.568559556786703,22.280990304709142,172.13331024930747,58.12482686980609,1.2914627936561256,3.0781507310447713,semi-ripe
stereo20190406_065607_p0_snap_135.jpg,18.72421875,21.031484375,10.0401953125,32.676328125,174.3796875,22.6893359375,0.8902942613653433,1.864923890220497,semi-ripe
stereo20190406_065607_p0_snap_135.jpg,11.601120809363222,16.11227930966078,5.3224558619321565,42.49633009323547,180.17427097798057,16.119718309859156,0.7200169129539709,2.1796515206115,unripe
stereo20190406_065607_p0_snap_135.jpg,16.256298815822625,22.069223985890652,8.799382716049383,42.39663643235072,169.55297304106827,22.242189468379944,0.7366045793078109,1.8474341741984588,unripe
stereo20190406_065607_p0_snap_135.jpg,47.58878643664485,31.97843545508626,12.850684116597263,19.173111243307556,186.37150505651397,48.32614515169542,1.4881519648440487,3.703207469173338,fully-ripe
stereo20190406_065607_p0_snap_135.jpg,46.929443359375,59.89111328125,24.7822265625,41.414794921875,155.146240234375,59.89111328125,0.7835792816740692,1.8936726409265145,unripe
stereo20190406_065607_p0_snap_135.jpg,22.230103806228374,31.241782006920417,12.82671929065744,44.558715397923876,157.77141003460207,31.241890138408305,0.7115502145748922,1.733107739509248,unripe
stereo20190406_065607_p0_snap_135.jpg,33.584176085663294,33.183372992266506,12.606781677572874,32.83075550267698,173.85053539559786,35.24970255800119,1.012078126376994,2.663974859314015,semi-ripe
stereo20190406_065607_p0_snap_135.jpg,56.172119140625,39.494140625,17.947998046875,21.092529296875,173.278564453125,57.46923828125,1.4222895859689095,3.129713280377393,fully-ripe
stereo20190406_065607_p0_snap_135.jpg,30.562673130193907,32.98762119113574,14.641404085872576,33.802588296398895,160.7033414127424,34.7864006232687,0.9264888695132054,2.0874126604809073,semi-ripe
stereo20190406_065607_p0_snap_135.jpg,32.37061273051755,42.59830458060678,17.543129089827485,42.420731707317074,155.9382807852469,42.766061867935754,0.7599036029762203,1.8452007115013915,unripe
stereo20190406_065607_p0_snap_135.jpg,25.466537775133848,32.77974419988102,12.428316478286733,41.74182034503272,160.80666270077336,32.77974419988102,0.7768983751326078,2.0490721594436625,unripe
stereo20190406_065607_p0_snap_135.jpg,29.17474717430101,39.12715645449138,15.337745389649019,42.832540154669836,159.0727245687091,39.12715645449138,0.7456391509524213,1.9021523314937043,unripe
stereo20190406_065607_p0_snap_135.jpg,26.873587150505653,34.21475312314099,14.37879238548483,41.375669244497324,154.90288518738845,35.20404521118382,0.7854383516783675,1.8689725632250227,unripe
stereo20190406_065607_p0_snap_135.jpg,33.58283759666865,41.540749553837,15.945865556216537,39.55904223676383,161.38429506246283,41.5930993456276,0.8084309954213799,2.106051654440279,unripe
stereo20190405_133623_p2_snap_177.jpg,93.8282388137357,122.46520551508846,65.27770551508846,45.856204474505724,122.05424037460978,122.46852237252861,0.7661623622601267,1.437370135786201,unripe
stereo20190405_133623_p2_snap_177.jpg,126.77410518626735,156.64883126369614,81.80332359386414,42.68042366691015,125.9835646457268,156.84532505478452,0.8092884962542499,1.5497425302454466,unripe
stereo20190405_133623_p2_snap_177.jpg,77.5076845553036,98.4057067271353,52.199798437893676,47.87238599143361,112.40765936004031,98.4059586797682,0.7876339620615853,1.4848269921817958,unripe
stereo20190405_133623_p2_snap_177.jpg,68.51416015625,89.677978515625,42.298095703125,44.025146484375,133.867919921875,89.677978515625,0.7640019729513945,1.6197926365101534,unripe
stereo20190405_133623_p2_snap_177.jpg,115.31246281975015,139.01279000594883,71.89202855443189,40.802349791790604,127.98899464604402,139.09770969660917,0.8295096769133169,1.6039670753312023,unripe
stereo20190405_133623_p2_snap_177.jpg,71.944,92.4366,46.9539,44.0265,127.3769,92.4366,0.7783063442071275,1.5322259637163338,unripe
stereo20190405_133623_p2_snap_177.jpg,103.71071531169204,130.77305372019535,66.56276931916116,44.02542372881356,124.20439528871015,130.77305372019535,0.7930586954328267,1.558088715232437,unripe
stereo20190405_133623_p2_snap_177.jpg,65.3462224866151,84.56246281975015,40.48691255205235,43.86421772754313,132.058001189768,84.56246281975015,0.7727567596787808,1.6140081381241604,unripe
stereo20190405_133623_p2_snap_177.jpg,60.1988,79.3576,37.3787,45.4476,133.09,79.3579,0.7585762726473239,1.6105103680678117,unripe
stereo20190405_135700_p0_snap_137.jpg,99.87019082794706,79.83979686057248,42.45998768851955,22.682286857494613,144.59710680209295,100.9013542628501,1.2508821696219088,2.3521007127833693,fully-ripe
stereo20190405_135700_p0_snap_137.jpg,105.26540873702422,118.71929065743944,57.33109861591696,37.13148788927336,133.56174307958477,119.3699178200692,0.8866747711121044,1.8360958174075697,unripe
stereo20190405_135700_p0_snap_137.jpg,65.48632271468144,87.35950484764543,42.95195637119114,46.03298130193906,133.7584400969529,87.36448234072022,0.7496186629343039,1.5246408545943684,unripe
stereo20190405_135700_p0_snap_137.jpg,61.01722645429363,79.60175727146814,35.941958102493075,44.067910318559555,141.36331371191136,79.60175727146814,0.7665310525858661,1.697659579472534,unripe
stereo20190405_133623_p0_snap_076.jpg,83.21264716066482,114.0143265235457,52.4286703601108,46.86811807479224,136.8527960526316,114.0143265235457,0.7298437170090458,1.5871589097629721,unripe
stereo20190405_133623_p0_snap_076.jpg,95.45691568047337,131.00545488165682,54.893121301775146,44.602348372781066,149.13221153846155,131.00545488165682,0.7286483488815061,1.7389591997530383,unripe
stereo20190405_133623_p0_snap_076.jpg,98.59145602493075,133.60444078947367,53.202778739612185,44.24177631578947,152.27930228531855,133.60444078947367,0.7379354163903236,1.853125716914241,unripe
stereo20190405_135700_p0_snap_142.jpg,124.2321675900277,91.6191135734072,43.55972991689751,22.447541551246537,160.73978531855957,126.13538781163435,1.3559632830419974,2.851995164044496,fully-ripe
stereo20190405_135700_p0_snap_142.jpg,97.14995216836735,127.42402742346938,70.66071428571429,47.04878826530612,113.84367028061224,127.4272161989796,0.76241464430693,1.374879088070832,unripe
stereo20190405_135700_p0_snap_142.jpg,107.93471148126116,100.12373587150506,35.08536585365854,28.3169244497323,173.70865556216538,110.96058893515765,1.0780131180846988,3.076344740653711,semi-ripe
stereo20190405_135700_p0_snap_142.jpg,109.89990234375,126.37451171875,49.83984375,37.15869140625,154.612548828125,126.389892578125,0.8696365442105116,2.2050606908883634,unripe
stereo20190405_135700_p0_snap_142.jpg,114.808837890625,122.90771484375,48.85205078125,32.677001953125,151.27392578125,123.567626953125,0.9341059566156567,2.3501329535455335,unripe
stereo20190405_135700_p0_snap_142.jpg,135.87061273051754,172.96951219512195,84.3198988697204,42.77647233789411,132.69408090422368,172.97174301011302,0.7855176507757581,1.6113704883202167,unripe
stereo20190405_135700_p0_snap_142.jpg,105.5885,135.6992,64.677,43.3877,132.6683,135.6992,0.7781069617133365,1.6325507317051295,unripe
stereo20190405_135700_p0_snap_142.jpg,42.9099,53.687,23.9759,41.3147,142.7134,53.8636,0.7992603797454915,1.7897089203287802,unripe
stereo20190405_135700_p0_snap_142.jpg,89.10663295657346,113.28569303985722,39.97337894110648,40.39515169541939,163.3082986317668,113.35350981558597,0.78656556445806,2.2291488241804034,unripe
stereo20190405_135700_p0_snap_142.jpg,89.44390979603563,109.60923585176674,39.92114334961218,39.81916116058604,161.17947428899743,109.61117494972709,0.8160252276253931,2.2405141708388174,unripe
stereo20190405_135700_p0_snap_142.jpg,58.51784651992861,79.88712076145151,34.95330160618679,45.03108268887567,142.3575252825699,79.88712076145151,0.7325065497053204,1.6741717402699794,unripe
stereo20190406_054921_p0_snap_121.jpg,59.66447368421053,63.055747922437675,49.53912742382271,37.854916897506925,60.1577216066482,63.76592797783933,0.9462176912947644,1.204390645193565,unripe
stereo20190406_054921_p0_snap_121.jpg,59.5029432132964,62.33985457063712,48.0296052631579,35.46502770083102,62.36980609418283,62.93992382271468,0.9544926608859373,1.238880280162047,unripe
stereo20190406_054921_p0_snap_121.jpg,37.65159722222222,37.22506944444444,27.404375,31.839305555555555,84.35958333333333,38.96263888888889,1.0114578070522138,1.373926005718509,unripe
stereo20190406_054921_p0_snap_121.jpg,38.21653106508876,28.34791050295858,19.968380177514792,23.55159023668639,133.70534393491124,39.2395525147929,1.348124673240149,1.913851378371107,fully-ripe
stereo20190406_054921_p0_snap_121.jpg,35.15440088757396,32.5469674556213,22.264977810650887,28.888221153846153,105.8227625739645,36.42927144970414,1.080112613698398,1.578909505207866,unripe
stereo20190406_054921_p0_snap_121.jpg,29.988811728395063,33.90972222222222,21.733796296296298,41.04475308641975,102.96354166666667,34.16801697530864,0.8843718237545489,1.3798232725348951,unripe
stereo20190406_054921_p0_snap_121.jpg,38.05833949704142,41.361316568047336,30.229382396449704,39.98927514792899,72.88692677514793,41.47485207100592,0.9201431060105902,1.2589846000844924,unripe
stereo20190406_065607_p0_snap_409.jpg,47.96625434027778,32.1796875,18.74685329861111,18.887369791666668,154.74891493055554,48.74652777777778,1.490575054046974,2.558628266299431,fully-ripe
stereo20190406_065607_p0_snap_409.jpg,50.32082644628099,30.655785123966943,18.04206611570248,16.372561983471073,159.85438016528926,50.70661157024794,1.6414784298626712,2.789081817612192,fully-ripe
stereo20190406_065607_p0_snap_409.jpg,30.37103734881986,24.654896371676703,15.648303052906389,21.848620065000798,139.29470136927912,31.209667536895946,1.2318455763316056,1.9408505725912095,semi-ripe
stereo20190406_065607_p0_snap_409.jpg,59.53718024985128,62.33625817965497,42.12715645449138,33.99568709101725,84.23869720404521,62.52795954788816,0.9550969602200658,1.4132728417461302,unripe
stereo20190406_065607_p0_snap_059.jpg,35.32941701368233,32.92831647828673,18.42816775728733,27.332986317668055,135.3953004164188,36.456722189173114,1.072918693179834,1.9171411020121885,semi-ripe
stereo20190406_065607_p0_snap_059.jpg,38.02067221891731,45.96861986912552,21.434265318262938,40.38429506246282,145.14872099940513,46.056513979773946,0.8271004014512429,1.7738258772164806,unripe
stereo20190406_065607_p0_snap_059.jpg,36.05971512052593,37.945945945945944,17.865960555149744,33.490869247626,142.83710737764792,39.35682980277575,0.9502913873587222,2.0183462750716314,semi-ripe
stereo20190406_065607_p0_snap_059.jpg,32.31573468173706,39.361689470553245,17.798036882807853,39.7529744199881,147.1279000594884,39.402587745389646,0.8209943959841642,1.8156899402794962,unripe
stereo20190406_065607_p0_snap_059.jpg,38.69137396694215,27.508522727272727,12.607438016528926,19.911802685950413,176.11286157024793,39.43323863636363,1.406522636104922,3.068929883051355,semi-ripe
stereo20190406_065607_p0_snap_059.jpg,30.886363636363637,31.644498966942148,13.896823347107437,32.900955578512395,155.88959194214877,33.03473657024794,0.9760418045553964,2.2225468827970434,semi-ripe
stereo20190406_065607_p0_snap_059.jpg,30.632129374553617,36.77004897459443,20.431282522191612,40.66791653912866,133.1513365983063,36.998928680746864,0.8330726201912892,1.4992751604570433,unripe
stereo20190406_065607_p0_snap_059.jpg,30.6819,26.7034,11.238,28.2961,169.3849,31.508,1.1489880880381944,2.730189775591942,semi-ripe
stereo20190406_065607_p0_snap_059.jpg,50.45023093599774,33.447450278065794,18.34791215006127,15.731855028749175,165.11902629842587,50.88547459704025,1.5083426519257137,2.749642740108818,fully-ripe
stereo20190406_065607_p0_snap_059.jpg,35.4825996430696,41.34384295062463,22.563801308744793,39.307555026769776,120.49063057703748,41.38236168947056,0.8582315655351498,1.5725446006241872,unripe
stereo20190406_065607_p0_snap_059.jpg,40.156005859375,48.56298828125,21.908203125,39.16162109375,148.401123046875,48.60791015625,0.8268848152005287,1.8329201761120353,unripe
stereo20190406_065607_p0_snap_059.jpg,30.5276,36.567,16.4459,39.0067,148.9606,36.5794,0.8348399281210029,1.8562426767506326,unripe
stereo20190406_065607_p0_snap_059.jpg,36.32168352171327,41.46445568114218,22.173111243307556,37.42013682331945,121.98750743604997,41.63935157644259,0.8759713389537822,1.6380952019858788,unripe
stereo20190406_065607_p0_snap_059.jpg,35.89794921875,40.642822265625,21.115966796875,36.21044921875,132.40087890625,41.4169921875,0.8832541242238144,1.700037349163152,unripe
stereo20190406_065607_p0_snap_059.jpg,38.60578282590254,45.815204072014325,22.489843529079085,38.73776981807899,134.79632858893393,46.26171175417099,0.8426411096807341,1.7165866721179739,unripe
stereo20190405_133623_p0_snap_173.jpg,53.619986850756085,52.940992767915844,34.537804076265616,35.54404996712689,113.99934253780408,58.994411571334645,1.01282529697854,1.5525008830134313,semi-ripe
stereo20190405_133623_p0_snap_173.jpg,104.65301405325444,80.421875,61.38637204142012,26.00989275147929,116.37083949704142,106.82498150887574,1.3013001877940866,1.7048245974594234,fully-ripe
stereo20190405_133623_p0_snap_173.jpg,112.64302884615384,89.59088387573965,65.94092085798816,24.465883875739646,113.80658284023669,115.7134800295858,1.2573044421499682,1.7082414121320844,fully-ripe
stereo20190405_133623_p0_snap_173.jpg,90.16457100591715,101.67890162721893,79.27255917159763,48.52496301775148,65.25147928994083,102.15467825443787,0.8867578297502208,1.1373993797367927,unripe
stereo20190405_133623_p0_snap_173.jpg,87.71958210059172,97.00748890532545,74.34171597633136,46.74953772189349,73.53744452662721,98.00961538461539,0.9042556821942366,1.1799508411806252,unripe
stereo20190405_133623_p0_snap_173.jpg,79.11505190311419,60.9456098615917,46.037359429065745,22.499945934256054,133.73940311418684,81.42674091695501,1.2981253137269833,1.7184963625042575,semi-ripe
stereo20190405_133623_p0_snap_173.jpg,38.89215277777778,41.793055555555554,23.818819444444443,36.550555555555555,124.78909722222222,44.494791666666664,0.9305886577302737,1.6328322459544322,unripe
stereo20190405_133623_p0_snap_173.jpg,38.06840277777778,40.97402777777778,22.292638888888888,35.99208333333333,125.20513888888888,43.07423611111111,0.9290859491134683,1.7076661893128298,unripe
stereo20190405_133623_p0_snap_173.jpg,50.52256944444444,37.96333333333333,21.062916666666666,19.53465277777778,152.12840277777778,51.40097222222222,1.3308250804160235,2.3986490692387687,fully-ripe
stereo20190405_133623_p0_snap_173.jpg,49.39340277777778,56.454861111111114,32.65013888888889,39.72090277777778,110.47354166666666,56.674930555555555,0.8749183516966078,1.5128078878251838,unripe
stereo20190406_065607_p0_snap_096.jpg,31.442693905817176,39.33275623268698,18.99878808864266,41.37482686980609,138.71745152354572,39.37257617728532,0.7994020486585338,1.6549833183717757,unripe
stereo20190406_065607_p0_snap_096.jpg,16.636348927514792,22.354636649408285,9.58304826183432,43.00603272928994,156.62742696005918,22.354636649408285,0.7442009345271914,1.736016673692891,unripe
stereo20190406_065607_p0_snap_096.jpg,30.381925207756233,38.58864265927978,15.188019390581717,41.22645429362881,162.53704986149583,38.58864265927978,0.7873279607871979,2.0003862533079135,unripe
stereo20190406_065607_p0_snap_096.jpg,28.403777513384888,34.23081499107674,16.443337299226652,39.57361689470553,138.85350981558597,34.27795954788816,0.829771924012616,1.7273719879845115,unripe
stereo20190406_065607_p0_snap_096.jpg,32.798732208502216,38.34157319257235,18.490762560090488,39.26614195494392,145.7581298897163,38.53756244697898,0.8554349997434662,1.7737891752177666,unripe
stereo20190406_065607_p0_snap_096.jpg,30.99271267102915,28.683224271267104,14.596073765615705,29.651844140392623,156.11763831052946,34.63265913146936,1.0805166662141557,2.1233580985633504,fully-ripe
stereo20190406_065607_p0_snap_096.jpg,40.23958953004164,45.36406900654372,20.215199286139203,36.72605591909578,142.6655264723379,45.38236168947056,0.8870364043814737,1.9905601253226892,unripe
stereo20190406_065607_p0_snap_096.jpg,27.909652398735997,22.787417408790578,9.60442401608733,28.908000574547543,169.24985636311405,29.652398735995405,1.2247829427190824,2.9059132846337024,fully-ripe
stereo20190406_065607_p0_snap_096.jpg,41.69616299821535,40.81945270672219,18.273944080904222,29.286436644854252,150.03004164187982,43.33685306365259,1.0214775068891042,2.281726374796284,semi-ripe
stereo20190406_065118_p0_snap_237.jpg,35.1300826446281,30.150743801652894,21.80909090909091,23.47082644628099,117.9290909090909,35.52438016528926,1.1651477397789713,1.6107992159357871,semi-ripe
stereo20190406_065118_p0_snap_237.jpg,29.431176470588234,29.74560553633218,19.478062283737025,32.885882352941174,99.41477508650519,31.221003460207612,0.9894290617264289,1.510990206929329,unripe
stereo20190406_065118_p0_snap_237.jpg,26.096280991735537,28.23115702479339,15.994214876033057,34.963471074380166,123.16123966942149,29.014628099173553,0.9243783995474598,1.63160648258986,unripe
stereo20190406_065118_p0_snap_237.jpg,18.049834710743802,20.81702479338843,10.911074380165289,38.19925619834711,139.57867768595042,20.897355371900826,0.8670704012310388,1.6542658897914573,unripe
stereo20190406_065118_p0_snap_237.jpg,11.100180998565671,12.650006830134554,5.525049518475514,37.26386517314391,155.63880540946656,12.785226418960454,0.8774834964743364,2.0090608909184127,unripe
stereo20190406_065118_p0_snap_237.jpg,12.774076224301618,14.605628030872209,6.456645720920702,37.443617239259616,152.3448705689502,14.619851786080186,0.8745989868638957,1.9784353969674056,unripe
stereo20190406_065118_p0_snap_237.jpg,13.356686701728025,16.047179154429344,8.841797008401066,41.78787309609999,124.7156785738679,16.067140222662385,0.8323380857040196,1.5106286180004986,unripe
stereo20190406_065118_p0_snap_237.jpg,23.605694129503654,20.402872260015116,11.8128621819098,27.244079113126734,134.15759637188208,24.877047115142354,1.1569784027899481,1.9983026791446494,semi-ripe
stereo20190406_065118_p0_snap_237.jpg,20.981025,22.14675,12.584625,34.7017,124.14425,22.303075,0.9473631808896651,1.6671937644595969,unripe
stereo20190406_065118_p0_snap_237.jpg,20.00430910657857,22.333165756966388,11.774777362826773,36.75488365412238,138.58409939672507,22.390045963803505,0.8957216530362292,1.6989104338081344,unripe
stereo20190406_065118_p0_snap_237.jpg,17.465991398822997,15.90827297419647,8.779651425984609,28.338303531009508,144.64163648709822,18.167355138071525,1.0979180736948897,1.9893695840172159,semi-ripe
stereo20190406_065118_p0_snap_237.jpg,19.844075373472158,14.84752716161159,8.438660027161612,21.113682661837935,155.56883770937077,20.19035762788592,1.33652303122562,2.3515643234775006,semi-ripe
stereo20190406_065118_p0_snap_237.jpg,28.57088321236686,17.0533744933547,9.75098972570459,13.407837684984447,173.25900179093222,28.609129041379962,1.6753790558994466,2.9300465609747905,semi-ripe
stereo20190405_135700_p0_snap_160.jpg,61.0887573964497,67.83809993425378,41.60716633793557,37.3025969756739,98.38773833004602,67.95233399079552,0.9005079512924917,1.4682264641148381,unripe
stereo20190405_135700_p0_snap_160.jpg,64.7461,66.6072,39.8117,32.3691,111.1183,69.5235,0.9720584303110728,1.6263079380413448,unripe
stereo20190405_135700_p0_snap_160.jpg,80.61397959183674,71.76321428571428,51.63857142857143,27.44173469387755,109.80734693877551,83.64908163265306,1.123332743117624,1.5611191741071595,fully-ripe
stereo20190405_135700_p0_snap_160.jpg,56.13840606508876,64.40708210059172,38.45691568047337,39.484005177514796,105.04807692307692,64.43001109467455,0.8716183922325069,1.4597736317126673,unripe
stereo20190405_135700_p0_snap_160.jpg,34.05502409297052,37.86061507936508,18.81813350340136,36.38042091836735,133.24968112244898,38.40355725623583,0.8994839367174445,1.80969095526427,unripe
stereo20190405_135700_p0_snap_160.jpg,45.78826177285318,47.81336565096953,26.660708102493075,34.4069858033241,119.29514369806094,49.56068213296399,0.957645452751561,1.7174429284622859,semi-ripe
stereo20190405_135700_p0_snap_160.jpg,51.80130874479477,36.915526472337895,20.234384295062462,20.783164782867342,156.8338786436645,53.11124330755503,1.4032386820007694,2.56006223805944,fully-ripe
stereo20190405_135700_p0_snap_160.jpg,89.44777249134948,69.59731833910034,38.58126081314879,20.105428200692042,146.1916089965398,90.54644247404845,1.2852184793004044,2.318424733196321,semi-ripe
stereo20190405_135700_p0_snap_160.jpg,96.66731112433075,61.17296252230815,33.180101130279596,14.329417013682331,169.40942891136228,96.72888161808447,1.5802290969116919,2.913411312722031,fully-ripe
stereo20190405_135700_p0_snap_160.jpg,72.64946460440214,79.2702260559191,40.800416418798335,35.127602617489586,131.99330755502677,80.38801308744794,0.9164784693356216,1.7806055225670316,unripe
stereo20190405_135700_p0_snap_160.jpg,46.311117494972706,55.39284688307958,30.36340132145935,41.373958632576844,118.4093651249641,55.5605429474289,0.8360485467056493,1.5252277487754582,unripe
stereo20190406_065607_p0_snap_014.jpg,19.88188208884688,23.170280009451798,13.239750708884689,40.57334002835539,126.14738894139886,23.33657254253308,0.8580765316591425,1.5016798661251425,unripe
stereo20190406_065607_p0_snap_014.jpg,36.68244575936884,31.592866535174227,17.570019723865876,26.141847468770546,133.76134122287968,37.77481919789612,1.1610986330582496,2.0877850712763464,fully-ripe
stereo20190406_065607_p0_snap_014.jpg,36.46603360116874,39.68973703433163,21.722242512783055,35.40065741417093,118.01095690284879,40.17311906501096,0.9187771736016765,1.6787408939155506,unripe
stereo20190406_065607_p0_snap_014.jpg,45.99211045364891,50.2146614069691,32.27301117685733,36.72468770545694,99.66485864562787,51.36834319526627,0.9159098160954179,1.425094669681232,unripe
stereo20190406_065607_p0_snap_014.jpg,44.20169667590028,50.886080332409975,26.530297783933516,38.62171052631579,131.0560941828255,50.96900969529086,0.8686400622872705,1.666083071326763,unripe
stereo20190406_065607_p0_snap_014.jpg,33.2321675900277,38.804016620498615,19.748614958448755,39.047783933518005,131.36426592797784,38.804016620498615,0.8564102873919912,1.6827585545803019,unripe
stereo20190406_065607_p0_snap_014.jpg,54.83569944598338,38.98147506925208,22.299861495844876,20.622229916897506,152.25155817174516,55.448753462603875,1.4067114002600385,2.4590141452698906,fully-ripe
stereo20190406_065607_p0_snap_014.jpg,26.910970052083332,31.963460286458332,16.33393012152778,39.85093858506944,128.28103298611111,31.964762369791668,0.84192892107477,1.647549204408755,unripe
stereo20190406_065607_p0_snap_014.jpg,31.88671875,35.693795196280995,20.75881327479339,37.564017303719005,119.0730242768595,35.82767303719008,0.8933404150847536,1.5360561785175353,semi-ripe
stereo20190406_065607_p0_snap_014.jpg,65.2764274691358,38.94714506172839,22.690007716049383,14.971257716049383,162.4920910493827,65.6809413580247,1.6760255624750364,2.87687864707852,fully-ripe
stereo20190406_065607_p0_snap_014.jpg,67.174,48.130925,30.678125,17.34175,143.700525,67.688325,1.39565125838507,2.189637668652283,fully-ripe
stereo20190406_065607_p0_snap_014.jpg,55.8430993456276,59.948988697204044,33.93158834027365,34.609458655562165,113.7586258179655,60.60856632956573,0.9315101262605752,1.6457550506645906,unripe
stereo20190406_065607_p0_snap_014.jpg,70.05078125,68.01611328125,44.15087890625,28.867919921875,104.40673828125,73.137451171875,1.0299143478133352,1.586622217250163,unripe
stereo20190406_065607_p0_snap_014.jpg,38.62612456747405,35.62159169550173,20.082768166089966,27.394152249134947,140.91979238754325,39.87062283737024,1.0843455299302762,1.923345676978834,semi-ripe
stereo20190406_054921_p0_snap_780.jpg,29.660562381852554,25.355741965973536,14.006616257088847,26.22412570888469,144.2055765595463,31.10727788279773,1.1697764839179652,2.117609325574825,semi-ripe
stereo20190406_054921_p0_snap_780.jpg,16.92126904432133,21.020602493074794,10.58154432132964,41.74744632963989,140.78263504155126,21.02774411357341,0.8049845859579979,1.599128873743292,unripe
stereo20190406_054921_p0_snap_780.jpg,51.412109375,58.0517578125,37.427490234375,39.6484375,96.6337890625,58.232421875,0.8856252154293514,1.3736452889733988,unripe
stereo20190406_054921_p0_snap_780.jpg,46.10072448096886,53.389651816608996,32.27865484429066,40.13959775086505,105.20080017301038,53.45031358131488,0.8634766153665235,1.4282103892262754,unripe
stereo20190406_054921_p0_snap_598.jpg,30.766923076923078,22.746331360946744,12.792248520710059,20.629526627218937,154.06923076923076,31.71568047337278,1.3526097489131546,2.405120489639331,fully-ripe
stereo20190406_054921_p0_snap_598.jpg,47.16762204142012,51.953309911242606,33.178809171597635,38.85641642011834,100.31323964497041,52.506379437869825,0.9078846572654373,1.4216184668138352,unripe
stereo20190406_054921_p0_snap_598.jpg,33.27221074380165,35.26317148760331,23.21952479338843,35.480630165289256,97.13378099173553,35.55346074380165,0.9435396733983976,1.4329404546587057,unripe
stereo20190406_054921_p0_snap_598.jpg,20.138683431952664,22.65375369822485,11.52394600591716,36.9480399408284,131.27903106508876,22.992511094674555,0.888977377014431,1.7475494892215948,unripe
stereo20190406_054921_p0_snap_598.jpg,35.23178624260355,36.30954142011834,21.57553624260355,32.63230399408284,108.8641826923077,36.911612426035504,0.970317309485745,1.6329499075686937,unripe
stereo20190406_054921_p0_snap_598.jpg,43.514792899408285,46.76932322485207,31.031065088757398,36.038276627218934,94.13914571005917,47.482433431952664,0.9304129415359206,1.4022973027825825,unripe
stereo20190406_054921_p0_snap_598.jpg,48.148113905325445,47.67141272189349,30.366031804733726,30.148021449704142,102.89571005917159,49.516549556213015,1.0099995166121407,1.585590713960609,unripe
stereo20190406_054921_p0_snap_598.jpg,58.781597222222224,59.19541666666667,39.26784722222222,30.866319444444443,93.04694444444445,61.59888888888889,0.9930090976998148,1.4969392622971263,unripe
stereo20190405_133623_p2_snap_043.jpg,67.39527777777778,54.67666666666667,29.801388888888887,22.819444444444443,143.07972222222222,68.51166666666667,1.2326147433694508,2.2614803428877073,semi-ripe
stereo20190405_133623_p2_snap_043.jpg,23.511076675849402,26.967171717171716,14.183023415977962,38.67252066115702,129.4099517906336,26.971705693296602,0.8718403325356913,1.6576902829096412,unripe
stereo20190405_133623_p2_snap_043.jpg,66.38221329437546,73.70343316289262,52.54967129291454,41.692476260043826,81.36687363038715,73.9035792549306,0.9006663792852059,1.263227704928555,unripe
stereo20190405_133623_p2_snap_043.jpg,66.38221329437546,73.70343316289262,52.54967129291454,41.692476260043826,81.36687363038715,73.9035792549306,0.9006663792852059,1.263227704928555,unripe
stereo20190405_133623_p2_snap_043.jpg,53.40933641975309,58.21277006172839,38.63175154320987,36.96875,89.27411265432099,58.66550925925926,0.9174847235111986,1.3825239721469702,unripe
stereo20190405_133623_p2_snap_043.jpg,61.58461288927336,68.32996323529412,44.73913278546713,39.46442474048443,95.43133650519032,68.72756271626298,0.9012825554198137,1.3765264387067835,unripe
stereo20190405_133623_p2_snap_043.jpg,46.52903330449827,51.36986375432526,29.801254325259517,36.9223615916955,112.14143598615917,51.65451989619377,0.9057649922797523,1.5613107147625382,unripe
stereo20190405_133623_p2_snap_043.jpg,64.4405,46.6006,27.1019,21.9057,146.0565,66.8975,1.382825246278965,2.3777106484376933,fully-ripe
stereo20190405_133623_p2_snap_043.jpg,52.894211433496125,44.43895432347027,25.759264579143924,23.099827635736858,130.9762280953749,53.679402470554436,1.1902665203554315,2.053404542545701,semi-ripe
stereo20190405_133623_p2_snap_043.jpg,63.76070791195717,72.07138607971446,47.6103509815586,41.66344437834622,92.35038667459845,72.1917013682332,0.8846881201168176,1.3392191656907253,unripe
stereo20190405_133623_p2_snap_043.jpg,60.11490950876185,67.4894426888825,43.433639758690035,40.585463947141626,97.80415110600403,67.650603274921,0.890730434367036,1.384063044269824,unripe
stereo20190405_133623_p2_snap_043.jpg,43.276070094800346,48.0189600689457,28.483266302786557,37.704826199368,105.50366274059178,48.23384085033037,0.9012286192865966,1.5193501490053865,unripe
stereo20190405_135700_p0_snap_169.jpg,73.19692665289256,97.66774276859505,41.07877066115702,44.469137396694215,144.34297520661158,97.66774276859505,0.7494482526522197,1.7818670728487707,unripe
stereo20190405_135700_p0_snap_169.jpg,88.49405991735537,114.11544421487604,50.43620867768595,42.53176652892562,142.72727272727272,114.11544421487604,0.7754783129612196,1.754573642462753,unripe
stereo20190405_135700_p0_snap_169.jpg,82.83923037190083,108.47520661157024,54.395144628099175,44.64449896694215,126.40069731404958,108.47520661157024,0.7636696469437146,1.5229156151549599,unripe
stereo20190405_135700_p0_snap_169.jpg,102.95609504132231,129.6948605371901,67.53305785123968,43.44111570247934,127.96487603305785,129.71410123966942,0.7938332072416047,1.524528624526753,unripe
stereo20190405_135700_p0_snap_169.jpg,107.44628328402366,135.0475221893491,72.15856139053254,44.36279585798817,124.77228180473372,135.07414940828403,0.7956182652295641,1.4890300793582645,unripe
stereo20190405_135700_p0_snap_169.jpg,112.56547004132231,94.05061983471074,42.202737603305785,24.927685950413224,162.84465392561984,118.28783574380165,1.1968603531858368,2.6672545375340664,fully-ripe
stereo20190405_135700_p0_snap_169.jpg,97.65082644628099,71.33354855371901,30.054881198347108,21.079545454545453,175.31120867768595,99.33019111570248,1.3689324972164858,3.249082680147961,fully-ripe
stereo20190405_135700_p0_snap_169.jpg,84.65315082644628,94.2839617768595,36.68595041322314,35.62448347107438,161.35601756198346,99.47598140495867,0.8978530415200757,2.3075081004539757,unripe
stereo20190405_135700_p0_snap_169.jpg,88.3859481292517,117.4093324829932,48.23193027210884,43.74121315192744,148.8563279478458,117.40943877551021,0.7528016617762292,1.832519024335473,unripe
stereo20190405_135700_p0_snap_169.jpg,87.64675609393579,114.68231643876338,45.287213882283,42.91866082045184,152.3450505350773,114.68231643876338,0.7642568721409423,1.9353528121255503,unripe
stereo20190405_133623_p2_snap_060.jpg,38.48712192816635,34.757088846880904,21.773393194706994,29.13882325141777,119.31214555765595,39.90985349716446,1.1073168706547605,1.7676208713905772,semi-ripe
stereo20190405_133623_p2_snap_060.jpg,59.62119113573407,49.23926592797784,29.63742209141274,23.109201869806093,126.79492728531856,60.42598684210526,1.210846220056969,2.0116854574930914,semi-ripe
stereo20190405_133623_p2_snap_060.jpg,33.39455681142177,38.15898274836407,20.948393813206426,39.040749553837,120.88488994646045,38.343248066627005,0.8751425131066501,1.5941337158284568,unripe
stereo20190405_133623_p2_snap_060.jpg,48.88544958345303,52.550344728526284,33.012209135305945,35.81937661591497,101.13595231255387,53.102844010341855,0.9302591740054648,1.4808289434614519,unripe
stereo20190405_133623_p2_snap_060.jpg,57.90146509623671,61.36304222924447,35.21861534041942,34.20568802068371,113.03274920999712,63.00244182706119,0.9435884134303536,1.6440580669054348,unripe
stereo20190406_054921_p0_snap_824.jpg,31.36304012345679,35.10918209876543,21.10590277777778,37.95601851851852,112.08275462962963,35.76832561728395,0.8932999664369842,1.485983593966078,unripe
stereo20190406_054921_p0_snap_824.jpg,34.20692274305556,27.791124131944443,16.17209201388889,23.61545138888889,143.84494357638889,35.305013020833336,1.2308573871311177,2.115180989686934,semi-ripe
stereo20190406_054921_p0_snap_824.jpg,35.04333333333334,38.81138888888889,21.114444444444445,36.3725,117.47472222222223,38.81611111111111,0.90291343101693,1.6596845268030975,unripe
stereo20190406_054921_p0_snap_824.jpg,29.93431001890359,36.448605860113425,19.902055765595463,41.90630907372401,122.12181001890359,36.448605860113425,0.8212742600100051,1.5040805498015581,unripe
stereo20190406_054921_p0_snap_824.jpg,33.563240110859155,30.82804232804233,15.83068783068783,27.65784832451499,142.95471151423533,34.47631645250693,1.088723989232651,2.120136488601075,semi-ripe
stereo20190406_054921_p0_snap_824.jpg,49.06154840563057,38.712151680551564,21.007181844297616,22.096739442688882,152.28109738580866,50.7421717897156,1.2673419999244935,2.3354643861620317,fully-ripe
stereo20190406_054921_p0_snap_824.jpg,36.856,41.1359,22.7207,36.5692,119.2031,41.3635,0.8959568416014134,1.622132406953832,unripe
stereo20190406_054921_p0_snap_824.jpg,42.6122,47.3144,26.4849,36.1522,117.1746,48.0388,0.9006178033288379,1.608923722980369,unripe
stereo20190406_054921_p0_snap_824.jpg,28.8467,33.6628,17.7966,38.8698,127.6652,33.7606,0.856930838512887,1.6209098249610459,unripe
stereo20190406_054921_p0_snap_824.jpg,38.878339557598395,44.96150531456478,24.375682275208273,38.098750359092215,121.26335823039356,45.10621947716174,0.864702608121488,1.5949635037500163,unripe
stereo20190406_054921_p0_snap_824.jpg,40.077133007756395,44.13695777075553,24.55881930479747,35.41870152255099,123.71732260844585,45.48987359954036,0.9080173612268598,1.6318828764336697,unripe
stereo20190406_065607_p0_snap_360.jpg,40.97361111111111,37.806111111111115,20.37527777777778,29.485277777777778,136.80638888888888,43.153333333333336,1.083782464503323,2.010946375726718,unripe
stereo20190406_065607_p0_snap_360.jpg,59.76852493074792,61.2856648199446,42.05159279778393,32.926419667590025,91.93576869806094,63.03549168975069,0.9752446245610574,1.4213138371481442,unripe
stereo20190406_065607_p0_snap_360.jpg,41.86668975069252,44.3422783933518,28.01159972299169,34.78462603878116,100.5862188365651,45.52873961218837,0.9441707062860913,1.4946192012781294,unripe
stereo20190406_065607_p0_snap_360.jpg,40.46880907372401,44.37464555765595,32.327386578449904,41.924740075614366,96.07254253308129,44.60066162570889,0.9119802410892613,1.2518425037882988,unripe
stereo20190406_065607_p0_snap_360.jpg,48.02735457063712,46.37240304709141,28.608206371191137,28.555228531855956,108.57998614958449,48.51869806094183,1.0356880613882462,1.6787958377929957,semi-ripe
stereo20190406_065607_p0_snap_360.jpg,54.484418282548475,39.59175900277008,21.668628808864266,20.479916897506925,152.75190443213296,55.48580332409972,1.3761551871737887,2.5144365902790278,semi-ripe
stereo20190406_065607_p0_snap_360.jpg,58.29443359375,36.197509765625,20.61865234375,16.460693359375,160.82958984375,58.605712890625,1.6104538092996457,2.8272655433159275,semi-ripe
stereo20190406_065607_p0_snap_360.jpg,27.56799688365651,29.008223684210527,16.991776315789473,34.606345221606645,127.80046745152355,29.495325484764543,0.9503507584697253,1.622430765742339,unripe
stereo20190406_065607_p0_snap_360.jpg,47.72069771468144,35.370455332409975,24.993074792243767,17.88599376731302,134.3505453601108,48.05224203601108,1.34916793619209,1.9093560523385593,semi-ripe
stereo20190406_065607_p0_snap_360.jpg,33.52038278546713,27.77276167820069,18.058336937716263,22.856996107266436,137.69917820069205,33.94777249134948,1.2069512965383224,1.8562265361873849,semi-ripe
stereo20190406_065607_p0_snap_360.jpg,36.4409,37.8524,22.2651,33.8646,105.3315,38.316,0.9627101682561293,1.636681785987134,unripe
stereo20190406_063426_p0_snap_312.jpg,78.33565689981097,78.65406427221173,37.15063799621928,30.58423913043478,138.7827268431002,80.49940926275993,0.9959516735102779,2.1085946309141894,unripe
stereo20190406_063426_p0_snap_312.jpg,89.31701940035273,83.27210884353741,38.59800957420005,27.874212648022173,142.8200428319476,90.01568405139834,1.0725921309649065,2.314031144231416,unripe
stereo20190406_063426_p0_snap_312.jpg,85.31900826446281,60.36140495867769,28.386859504132232,18.2599173553719,165.92818181818183,85.51851239669422,1.413469321798878,3.0055800359403158,semi-ripe
stereo20190406_063426_p0_snap_312.jpg,33.70830183925422,39.11898463088939,21.19803476946334,40.07955404383976,122.91389518770471,39.11986646510456,0.8616863024551569,1.5901608948299053,unripe
stereo20190406_063426_p0_snap_312.jpg,53.12609375,61.62125,34.9796875,42.06203125,110.225703125,61.62265625,0.8621390369168043,1.5187693875854702,unripe
stereo20190406_063426_p0_snap_312.jpg,46.29007141440191,53.67620511803214,31.26497718706606,42.65949216425312,109.65364015076374,53.693463598492364,0.862394476074955,1.480572217651557,unripe
stereo20190406_063426_p0_snap_312.jpg,105.15945290858726,107.95498614958449,66.80453601108033,32.96000692520776,102.74082409972299,108.50034626038781,0.9741045496669402,1.574136180659701,unripe
stereo20190406_063426_p0_snap_312.jpg,104.7113,52.4339,30.8724,10.5375,175.4187,104.7443,1.9970149088633669,3.3917436312876124,fully-ripe
stereo20190406_063426_p0_snap_312.jpg,93.4638,81.9141,39.2826,24.4546,146.9111,93.8375,1.1409975644000772,2.379266550771448,semi-ripe
stereo20190406_054921_p0_snap_503.jpg,42.53768382352941,47.15214100346021,30.831909602076124,39.16160250865052,92.10856401384083,47.25816392733564,0.9021366558740412,1.3796638150504603,unripe
stereo20190406_054921_p0_snap_503.jpg,37.391041666666666,40.44770833333333,30.36576388888889,40.049930555555555,66.64770833333333,40.56659722222222,0.9244289469809813,1.2313548076687875,unripe
stereo20190406_054921_p0_snap_503.jpg,27.042622041420117,31.11085428994083,18.902181952662723,39.80889423076923,104.04040310650888,31.11667899408284,0.8692340331465459,1.4306606402656208,unripe
stereo20190406_054921_p0_snap_503.jpg,50.07644628099174,34.975723140495866,24.725206611570247,18.25490702479339,130.09400826446281,50.426394628099175,1.4317482947344382,2.025318809848497,fully-ripe
stereo20190406_054921_p0_snap_503.jpg,41.00916838842975,27.429493801652892,17.177815082644628,17.5625,150.3676394628099,41.53305785123967,1.4950751090859526,2.3873318182674232,fully-ripe
stereo20190406_054921_p0_snap_503.jpg,27.58354855371901,30.60885847107438,17.558109504132233,36.54713326446281,120.66580578512396,31.56856921487603,0.9011619812011566,1.5709853522313328,unripe
stereo20190406_054921_p0_snap_503.jpg,30.649444444444445,32.83673611111111,21.110347222222224,35.52215277777778,97.76291666666667,32.93194444444445,0.933388598880492,1.451867636431122,unripe
stereo20190406_054921_p0_snap_503.jpg,36.09402032871972,38.22594074394463,25.06049956747405,35.12867647058823,96.72685986159169,38.645707179930795,0.9442281912226177,1.4402747969485037,unripe
stereo20190406_054921_p0_snap_503.jpg,32.08301592797784,33.69996537396122,20.879977493074794,34.67957929362881,101.47472299168975,33.96009349030471,0.9520189724757855,1.5365438288034763,unripe
stereo20190406_054921_p0_snap_188.jpg,37.85841049382716,48.54918981481482,25.093942901234566,43.657600308641975,129.59278549382717,48.54918981481482,0.7797947368490847,1.5086666753074447,unripe
stereo20190406_054921_p0_snap_188.jpg,36.2974537037037,45.70563271604938,24.11226851851852,43.08738425925926,124.33989197530865,45.714120370370374,0.7941569475175102,1.505351461324023,unripe
stereo20190406_054921_p0_snap_188.jpg,36.41447855029586,30.368158284023668,14.13073224852071,24.3646449704142,159.88369082840237,37.53966346153846,1.1991002621469629,2.5769685632832164,fully-ripe
stereo20190406_054921_p0_snap_188.jpg,30.337832840236686,36.66965606508876,16.271727071005916,39.49944526627219,147.0717455621302,36.83635355029586,0.8273277642176219,1.8644495488004593,unripe
stereo20190405_133623_p2_snap_073.jpg,128.81232853223594,161.20533264746228,83.09422153635117,44.25977366255144,125.39300411522633,161.22736625514403,0.7990574407569966,1.550195797597388,unripe
stereo20190405_133623_p2_snap_073.jpg,85.21048553719008,107.73928202479338,51.669808884297524,43.03034607438016,133.00116219008265,107.73928202479338,0.79089516865937,1.6491345891495968,unripe
stereo20190405_133623_p2_snap_073.jpg,63.51851851851852,82.8798225308642,38.85281635802469,43.96566358024691,136.43055555555554,82.8798225308642,0.7663929399816827,1.6348493654799288,unripe
stereo20190405_133623_p2_snap_073.jpg,61.30177514792899,62.50998520710059,26.571098372781066,31.96292529585799,151.5521449704142,65.73280325443787,0.9806715701198077,2.3070838554377113,semi-ripe
stereo20190405_133623_p2_snap_073.jpg,60.36233357988166,52.01229659763314,24.83173076923077,25.724297337278106,153.9061575443787,62.37786612426036,1.160539447843455,2.430853887403543,semi-ripe
stereo20190405_133623_p2_snap_073.jpg,140.5203860803324,166.44416551246536,87.31591932132964,42.269996537396125,120.76900103878117,166.53999307479225,0.8442493445486082,1.6093327663410197,unripe
stereo20190406_065607_p0_snap_164.jpg,60.00805391190006,56.82232084155161,42.16683103221565,29.36571334648258,94.18671926364235,61.49819197896121,1.0560646320410862,1.4231100182736869,semi-ripe
stereo20190406_065607_p0_snap_164.jpg,55.46257716049383,39.00597993827161,25.863425925925927,15.02758487654321,131.852237654321,55.47723765432099,1.4218989762409662,2.14443963746121,fully-ripe
stereo20190406_065607_p0_snap_164.jpg,15.169070247933885,15.93206611570248,9.057913223140496,33.71876033057851,129.78619834710744,17.038264462809916,0.9521088235941464,1.6746741912297396,semi-ripe
stereo20190406_065607_p0_snap_164.jpg,55.46026234567901,42.25887345679013,22.840470679012345,21.66184413580247,151.54552469135803,56.098572530864196,1.3123929883852077,2.4281565316022586,semi-ripe
stereo20190406_065607_p0_snap_164.jpg,48.76487209994051,42.12224866151101,22.487061273051754,26.909131469363473,143.9092801903629,50.39485425342058,1.15769841526801,2.1685737332268684,semi-ripe
stereo20190406_065607_p0_snap_164.jpg,24.095155509307435,25.728234477974333,14.696409989594173,35.50601225575211,117.78676725633021,26.48416001849925,0.9365254411327999,1.639525512088526,unripe
stereo20190406_065607_p0_snap_164.jpg,20.576482830385014,23.35356688634524,13.19187189270436,38.317146490923804,117.64386056191468,23.3707075962539,0.881084851820537,1.559783736523948,unripe
stereo20190406_065607_p0_snap_164.jpg,12.319821050474694,13.878628508981627,5.2175056348610065,35.5609931015641,167.96197322587255,13.934516084966873,0.8876822494153056,2.3612427662237168,unripe
stereo20190406_065607_p0_snap_164.jpg,12.04703125,14.218828125,6.6904296875,38.595390625,151.2018359375,14.2609765625,0.8472584851232351,1.8006337120874016,unripe
stereo20190406_065607_p0_snap_164.jpg,16.95196918681767,19.688883787368635,11.60868788899092,41.66659014386287,144.38394041424345,20.005152535455565,0.8609914487777454,1.4602817085018664,unripe
stereo20190406_065607_p0_snap_164.jpg,26.549471952908586,29.981475069252078,18.31886253462604,38.82448926592798,113.63538781163435,30.06150450138504,0.8855289153150309,1.4492961781750051,unripe
stereo20190406_065607_p0_snap_164.jpg,63.333,46.686,26.4952,20.7881,148.7531,63.7943,1.3565734146053603,2.390356596531977,semi-ripe
stereo20190406_065607_p0_snap_164.jpg,48.180398572278406,32.23929208804283,18.625966686496135,17.105145746579417,152.22843545508627,48.547441998810235,1.494461587310475,2.5867313904247116,semi-ripe
stereo20190406_065607_p0_snap_164.jpg,48.99848615916955,54.089695069204154,36.32401600346021,38.059742647058826,93.69123053633218,54.554606401384085,0.9058745300326424,1.3489277359977105,unripe
stereo20190406_065607_p0_snap_164.jpg,53.73661511005354,58.58848899464604,42.027810826888754,40.82123735871505,80.4912254610351,59.02424152290303,0.9171870935789654,1.278596273915627,unripe
stereo20190406_065607_p0_snap_043.jpg,26.80667529585799,26.484097633136095,15.996301775147929,32.53846153846154,116.8953402366864,29.16198224852071,1.0121796689241025,1.6758035022488857,semi-ripe
stereo20190406_065607_p0_snap_043.jpg,42.17913832199547,39.91439909297052,24.37939342403628,26.53812358276644,111.60402494331066,42.9577664399093,1.0567396406583354,1.7301136368419077,unripe
stereo20190406_065607_p0_snap_043.jpg,37.13165680473373,38.345989480604864,24.380999342537805,31.670118343195266,102.54109138724523,40.0284352399737,0.9683319592051488,1.5229745529833227,unripe
stereo20190406_065607_p0_snap_043.jpg,29.97925925925926,32.839753086419755,19.924814814814816,37.94814814814815,103.6395061728395,33.17654320987654,0.9128951137792037,1.5046184615369171,unripe
stereo20190406_065607_p0_snap_043.jpg,37.51490846893491,37.28122688609467,24.12983080621302,30.43916420118343,101.42203679733728,38.851747411242606,1.0062678066061534,1.5547101520568454,unripe
stereo20190406_065607_p0_snap_043.jpg,45.537068761814744,37.213758270321364,26.80532254253308,24.345876654064273,117.54368501890359,46.12712665406427,1.223661856306322,1.6988063359989762,semi-ripe
stereo20190406_065607_p0_snap_043.jpg,30.328514739229025,25.423221371882086,18.470734126984127,22.82093253968254,127.5609056122449,30.96325821995465,1.1929449209502199,1.6419757932178674,semi-ripe
stereo20190406_065607_p0_snap_043.jpg,23.686672967863895,16.497075850661627,10.452150283553875,18.901908081285445,150.44006970699434,24.20838256143667,1.4358095231051928,2.266198788123646,fully-ripe
stereo20190406_065607_p0_snap_043.jpg,42.620756172839506,47.00636574074074,27.351658950617285,36.95505401234568,115.85435956790124,47.02237654320987,0.9067016016701711,1.5582506592116976,unripe
stereo20190406_065607_p0_snap_043.jpg,46.69989669421488,48.89191632231405,28.353693181818183,35.34620351239669,116.44834710743801,49.59090909090909,0.9551658158517116,1.6470475265524116,unripe
stereo20190406_065607_p0_snap_043.jpg,42.17032541322314,33.92006714876033,20.46849173553719,23.473786157024794,130.93065599173553,43.00025826446281,1.2432261055386287,2.0602546272357336,semi-ripe
stereo20190406_065607_p0_snap_043.jpg,37.4564247471743,23.062908982748365,14.471891731112432,18.910916121356337,150.16954193932185,38.22248661511006,1.6240973128853566,2.5882171841070876,fully-ripe
stereo20190406_065607_p0_snap_043.jpg,30.5618339100346,33.597854671280274,22.393217993079585,39.14709342560553,94.95062283737025,34.06570934256055,0.9096361988790049,1.364780187987165,unripe
stereo20190406_054921_p0_snap_472.jpg,35.87531957633309,36.74219320672023,19.133674214755295,33.75534149013879,140.75976990504017,39.714527027027025,0.9764063242068024,1.8749823177633074,semi-ripe
stereo20190406_054921_p0_snap_472.jpg,31.823333333333334,41.14283950617284,20.426049382716048,44.69728395061728,129.49925925925925,41.20851851851852,0.7734839398656318,1.5579771279947094,unripe
stereo20190406_054921_p0_snap_472.jpg,32.16460027772268,40.89625074390002,21.44599285855981,44.11312239634993,132.13578655028763,41.030103154136086,0.7864924492521058,1.4997946465760505,unripe
stereo20190406_054921_p0_snap_472.jpg,43.212832840236686,52.01072485207101,25.752681213017752,39.73502218934911,130.68001109467457,52.399130917159766,0.8308444970666666,1.677992893356054,unripe
stereo20190406_054921_p0_snap_472.jpg,47.884791666666665,37.131875,16.96701388888889,23.149444444444445,163.21902777777777,49.37375,1.2895868784110114,2.822226925608606,semi-ripe
stereo20190406_054921_p0_snap_472.jpg,48.521875,40.26756944444445,19.46527777777778,27.333055555555557,153.59604166666668,51.531597222222224,1.20498613697264,2.4927386409048724,fully-ripe
stereo20190406_054921_p0_snap_472.jpg,42.530972633136095,40.44018121301775,16.706083579881657,28.98890532544379,158.57488905325442,44.10475221893491,1.051700581955837,2.5458358909442538,unripe
stereo20190405_135104_p0_snap_035.jpg,22.768977076124568,22.883920847750865,12.427551903114187,32.20474697231834,131.10304930795849,25.096237024221452,0.9949766597185118,1.8321354786749406,semi-ripe
stereo20190405_135104_p0_snap_035.jpg,25.07578774238227,29.698926592797783,13.773545706371191,39.124567174515235,137.8009435595568,29.7106561634349,0.8443328488893889,1.8205747504098047,unripe
stereo20190405_135104_p0_snap_035.jpg,51.72183641975309,37.90181327160494,21.291859567901234,20.095100308641975,152.06886574074073,52.61651234567901,1.3646266051401739,2.429182475254632,fully-ripe
stereo20190405_135104_p0_snap_035.jpg,40.87453772189349,49.0519600591716,25.989275147928993,40.96523668639053,123.33228550295858,49.06092825443787,0.8332904401716457,1.572745748458982,semi-ripe
stereo20190405_135104_p0_snap_035.jpg,40.32652777777778,48.06576388888889,25.83861111111111,40.04527777777778,127.56791666666666,48.274861111111115,0.8389863413205096,1.5607074233708464,semi-ripe
stereo20190405_135104_p0_snap_035.jpg,60.735537190082646,55.147469008264466,33.26717458677686,27.749096074380166,129.19305268595042,63.29119318181818,1.1013293496332035,1.8256891271233089,semi-ripe
stereo20190405_135104_p0_snap_035.jpg,70.92317257785467,56.34283088235294,30.523248269896193,22.335640138408305,148.6706855536332,72.10002162629758,1.258778781246517,2.323578038449559,semi-ripe
stereo20190405_135104_p0_snap_035.jpg,61.65756094104309,55.56143707482993,31.43781887755102,27.48235544217687,133.59959608843536,63.770337301587304,1.1097184142450958,1.9612537869964435,semi-ripe
stereo20190406_054921_p0_snap_600.jpg,23.09566554255108,26.935975004959335,16.370462209878994,41.034715334259076,103.31481848839516,27.02053164054751,0.8574279180174331,1.4108124216852873,unripe
stereo20190406_054921_p0_snap_600.jpg,21.524166666666666,23.406666666666666,13.332569444444445,35.975347222222226,115.475625,23.84715277777778,0.9195738025176008,1.6144037810804552,unripe
stereo20190406_054921_p0_snap_600.jpg,33.22763888888889,22.734583333333333,14.096041666666666,17.21270833333333,148.35493055555557,33.58284722222222,1.46154533761423,2.3572302141501957,fully-ripe
stereo20190406_054921_p0_snap_600.jpg,43.23261834319526,46.62333579881657,32.32479659763314,39.319526627218934,90.72143121301775,47.537167159763314,0.9272740427027145,1.3374439909676306,unripe
stereo20190406_054921_p0_snap_600.jpg,38.84032914201183,39.15967085798817,25.550943047337277,32.22059911242604,102.75711908284023,40.281065088757394,0.9918448846114334,1.5201127359145403,unripe
stereo20190406_054921_p0_snap_600.jpg,46.656065088757394,52.07766272189349,35.283746301775146,42.266919378698226,90.48141642011835,52.31453402366864,0.8958938187946933,1.3223100366558789,unripe
stereo20190406_054921_p0_snap_600.jpg,54.560694444444444,56.923541666666665,39.46180555555556,34.81111111111111,85.485625,58.423680555555556,0.958490692287462,1.3826199751917703,unripe
stereo20190406_054921_p0_snap_600.jpg,44.480625,42.42055555555555,26.99597222222222,27.843055555555555,104.92756944444444,45.40090277777778,1.0485627529351658,1.647675740554644,unripe
stereo20190406_054921_p0_snap_1064.jpg,65.61188004613611,80.02114571318724,41.229046520569014,41.00884275278739,137.51951172625914,80.1696462898885,0.819931672585472,1.5913990176661597,unripe
stereo20190406_054921_p0_snap_1064.jpg,40.95446280991735,52.60719008264463,26.118760330578514,42.845454545454544,131.4701652892562,52.61471074380165,0.7784953912312171,1.5680088415942757,unripe
stereo20190406_054921_p0_snap_1064.jpg,49.710743801652896,58.442644628099174,24.50892561983471,38.52909090909091,149.97355371900827,59.34148760330579,0.8505901061132157,2.0282702020491965,unripe
stereo20190406_054921_p0_snap_1064.jpg,83.69909090909091,98.73338842975207,55.28123966942149,41.223553719008265,132.22388429752067,98.82099173553719,0.8477282483965349,1.514059313231998,unripe
stereo20190406_054921_p0_snap_1064.jpg,62.327133007756395,42.73922723355358,18.282390117782246,19.673226084458488,176.66949152542372,62.91065785693766,1.4583117772355754,3.409132969753482,fully-ripe
stereo20190406_054921_p0_snap_1064.jpg,73.3743,70.8837,35.7979,29.233,148.1812,77.5087,1.0351362816647154,2.0496811126683094,semi-ripe
stereo20190406_054921_p0_snap_1064.jpg,29.644556811421772,36.2266508030934,17.074657941701368,40.36392028554432,135.71891731112433,36.2266508030934,0.8183077367398548,1.7361717904347078,unripe
stereo20190406_054921_p0_snap_1064.jpg,48.77929803688281,56.48215348007139,26.87091017251636,37.26873884592504,138.76383105294468,56.72248661511006,0.8636230454255459,1.8153192270197873,unripe
stereo20190405_133623_p2_snap_015.jpg,66.80145746579417,71.24776918500892,48.73349196906603,39.00996430696014,85.45850684116597,72.09071980963712,0.9375935394748376,1.3707501978453531,unripe
stereo20190405_133623_p2_snap_015.jpg,71.24787808641975,76.69155092592592,57.83757716049383,40.798418209876544,69.21277006172839,76.95582561728395,0.9290184894689512,1.231861175133631,unripe
stereo20190405_133623_p2_snap_015.jpg,84.5024535123967,89.86905991735537,66.79700413223141,41.275180785123965,72.25103305785125,90.22068698347107,0.9402840553497006,1.2650633356921552,unripe
stereo20190405_133623_p2_snap_015.jpg,58.451188016528924,49.58380681818182,32.86105371900826,27.369447314049587,116.29907024793388,61.296875,1.1788359946323361,1.7787369427946491,fully-ripe
stereo20190405_133623_p2_snap_015.jpg,70.15676652892562,76.1794938016529,51.76536673553719,39.205320247933884,87.29287190082644,76.48527892561984,0.9209401876860662,1.355283607561628,unripe
stereo20190405_133623_p2_snap_015.jpg,47.360854289940825,38.80676775147929,24.39755917159763,25.79382396449704,127.41568047337279,49.70053624260355,1.2204273849594598,1.9412120099684294,fully-ripe
stereo20190405_133623_p2_snap_015.jpg,43.999260355029584,46.866863905325445,27.63082470414201,34.86769600591716,109.75,47.69064349112426,0.9388136371952468,1.5923970747229674,unripe
stereo20190405_133623_p2_snap_015.jpg,46.93139792899408,50.80630547337278,30.078864644970412,35.893676035502956,109.61048446745562,50.95737795857988,0.9237315772994891,1.5602777192610706,unripe
stereo20190405_133623_p2_snap_015.jpg,44.90457128099174,48.982179752066116,28.793646694214875,36.24444731404959,107.94447314049587,49.15160123966942,0.916753038365289,1.559529995021918,unripe
stereo20190405_133623_p2_snap_015.jpg,36.641919378698226,41.054363905325445,25.168546597633135,39.336630917159766,101.86233357988165,41.06083579881657,0.8925216948429738,1.4558609762366768,unripe
stereo20190405_133623_p2_snap_015.jpg,53.255208333333336,42.745,26.139930555555555,24.055347222222224,127.02923611111112,54.681805555555556,1.2458812931224799,2.037311761293005,semi-ripe
stereo20190405_133623_p2_snap_015.jpg,87.38083333333333,67.66486111111111,51.29909722222222,22.546666666666667,111.661875,88.14104166666667,1.2913766316032294,1.7033597281685418,fully-ripe
stereo20190406_054921_p0_snap_299.jpg,24.547707100591715,22.530880177514792,11.45266272189349,27.889792899408285,149.8482803254438,25.89792899408284,1.0895134150132093,2.1434042250823353,semi-ripe
stereo20190406_054921_p0_snap_299.jpg,38.4369212962963,35.68769290123457,19.441358024691358,28.889853395061728,134.2110339506173,39.90046296296296,1.077035453995741,1.9770687560402018,unripe
stereo20190406_054921_p0_snap_299.jpg,32.51886094674556,26.028383875739646,12.495192307692308,23.13646449704142,157.0415125739645,33.1351701183432,1.249361028651695,2.6025077582558445,fully-ripe
stereo20190405_133623_p2_snap_024.jpg,111.66325785244705,128.65850986121256,70.29108838568298,39.440832724616506,119.98867786705624,128.83619430241052,0.8679041075002357,1.588583197829084,unripe
stereo20190405_133623_p2_snap_024.jpg,84.60660133136095,104.23039940828403,59.68694526627219,44.55861686390533,110.99177144970415,104.23317307692308,0.8117266526311522,1.4175057339399972,unripe
stereo20190405_133623_p2_snap_024.jpg,124.12851331360947,145.40042529585799,81.25212647928994,41.10567677514793,114.73326553254438,145.48881286982248,0.8537011121117704,1.5276953775270652,unripe
stereo20190405_133623_p2_snap_024.jpg,50.9409,33.0918,17.5209,16.335,163.7235,51.3575,1.5393808921301069,2.907434602426472,fully-ripe
stereo20190405_133623_p2_snap_024.jpg,45.6902,53.9148,26.9131,39.3043,127.7593,53.9335,0.8474517484156949,1.6976930573984201,unripe
stereo20190405_133623_p2_snap_024.jpg,55.0432,62.7635,32.4111,37.4759,126.145,62.9362,0.8769936544339219,1.6982818545862821,unripe
stereo20190405_133623_p2_snap_024.jpg,48.84800713860797,58.07421177870315,29.54506246281975,39.80800118976799,125.94348602022606,58.081201665675195,0.8411306366660843,1.6533385457111167,unripe
stereo20190405_133623_p2_snap_024.jpg,38.8254,46.3326,24.2993,40.637,121.5982,46.3421,0.8379713553801523,1.5977984560055412,unripe
stereo20190405_133623_p2_snap_024.jpg,92.0523497917906,109.20032718619869,60.04446757882213,41.69556811421773,114.61689470553242,109.20032718619869,0.842967633285153,1.5330693762961098,unripe
stereo20190405_133623_p2_snap_024.jpg,142.7946,160.9971,97.2466,40.6356,103.5177,161.1143,0.886938902195201,1.468376121285873,unripe
stereo20190405_133623_p2_snap_024.jpg,74.3903,91.0607,46.6438,42.0166,125.651,91.0609,0.8169308146180718,1.5948589962955426,unripe
stereo20190406_065607_p0_snap_007.jpg,34.017915844838924,37.15072320841551,21.140203813280735,36.48438527284681,112.51692965154504,37.54043392504931,0.9156727985420504,1.60915665968658,unripe
stereo20190406_065607_p0_snap_007.jpg,42.88078703703704,46.80015432098765,31.94502314814815,38.320601851851855,83.35358796296296,46.86226851851852,0.9162529161848912,1.3423303346774844,unripe
stereo20190406_065607_p0_snap_007.jpg,50.10716633793557,55.288132807363574,34.89003944773175,37.86143984220907,96.45069033530572,55.323471400394475,0.9062913636386791,1.4361448932022964,unripe
stereo20190406_065607_p0_snap_007.jpg,84.52480158730158,88.85374149659864,59.57284580498866,34.44784580498866,86.31519274376417,89.22094671201815,0.9512800547373311,1.4188475681607902,unripe
stereo20190406_065607_p0_snap_007.jpg,20.536947034318587,22.269688553858362,11.20715135885737,34.325828208688755,136.8020730013886,22.568785955167627,0.9221924124680365,1.8324842818549762,unripe
stereo20190406_065607_p0_snap_007.jpg,26.0315625,28.2808984375,14.830390625,34.9655859375,132.0388671875,28.7009765625,0.920464155440021,1.7552838361033825,unripe
stereo20190406_065607_p0_snap_007.jpg,15.234801785524498,17.862365819959614,8.724253374428738,39.06942820703582,135.45084493569985,17.87456158996705,0.8528989614304814,1.7462565183644594,unripe
stereo20190406_065607_p0_snap_007.jpg,30.02156454491374,33.44155264723379,18.514388756692444,37.079156751933375,122.44668352171327,33.549598453301606,0.8977321084425177,1.62152522150155,unripe
stereo20190406_065607_p0_snap_007.jpg,28.374936751560128,28.294442570416596,16.793008939112834,32.32973519986507,126.01733007252487,30.222297183336146,1.0028445215875172,1.6896864616445886,semi-ripe
stereo20190406_065607_p0_snap_007.jpg,61.153314218249285,67.08353010625738,44.59107775341542,38.053381683251814,89.8422162253331,67.21921909259572,0.9115993896771863,1.3714245895148698,unripe
stereo20190406_065607_p0_snap_007.jpg,82.5230307831598,82.59031235853327,55.16769465821639,30.953598913535536,94.56880941602535,86.49329447713897,0.9991852365573614,1.4958576089837234,unripe
stereo20190405_133623_p1_snap_038.jpg,60.04262204142012,65.16771449704142,47.11427514792899,40.8799926035503,79.5260724852071,66.86667899408285,0.9213552031289051,1.274403757860251,unripe
stereo20190405_133623_p1_snap_038.jpg,43.923261834319526,35.50721153846154,22.94313979289941,21.161704881656803,128.0255177514793,44.437684911242606,1.2370233414839766,1.9144390474194253,semi-ripe
stereo20190405_133623_p1_snap_038.jpg,75.80643078512396,54.98037190082645,40.20983987603306,24.45932334710744,129.13145661157026,77.25697314049587,1.3787905460872119,1.8852701768058109,fully-ripe
stereo20190405_133623_p1_snap_038.jpg,76.91864669421487,79.61492768595042,57.62474173553719,33.20893595041322,76.53499483471074,82.08664772727273,0.9661333529849466,1.334819576268632,unripe
stereo20190405_133623_p1_snap_038.jpg,101.17794421487604,107.4555785123967,86.27957128099173,44.049845041322314,64.44899276859505,109.51407541322314,0.9415791734573541,1.172675419985685,unripe
stereo20190405_133623_p1_snap_038.jpg,97.71810433884298,102.86157024793388,82.58277376033058,42.817794421487605,64.88042355371901,105.5236311983471,0.9499961414486024,1.183274526352099,unripe
stereo20190405_133623_p1_snap_038.jpg,70.57387204142012,74.36020710059172,55.393121301775146,36.942862426035504,69.30279215976331,75.62934541420118,0.9490810381302467,1.2740545692739793,unripe
stereo20190405_133623_p1_snap_038.jpg,61.53719008264463,72.7006714876033,48.5417097107438,45.34297520661157,88.02724690082644,72.75451962809917,0.8464458492474759,1.26771755202205,unripe
stereo20190405_133623_p1_snap_038.jpg,53.78688979289941,64.40856139053254,43.099112426035504,46.17427884615385,90.21366494082841,64.5578772189349,0.8350890049519959,1.2479810902230248,unripe
stereo20190405_135104_p0_snap_024.jpg,18.546749452154856,20.569348064280497,8.357195032870708,35.63349159970782,159.43836742147553,21.596101168736304,0.9016688510256438,2.21925265435112,semi-ripe
stereo20190405_135104_p0_snap_024.jpg,22.8421556122449,30.622767857142858,11.432327097505668,42.17832341269841,161.00967261904762,30.632653061224488,0.7459204295183461,1.9980302730251585,unripe
stereo20190406_054921_p0_snap_592.jpg,39.08714880332987,41.420265348595215,27.970928720083247,36.101391779396465,91.31731269510927,42.92267169614984,0.9436718726365376,1.39741998631119,unripe
stereo20190406_054921_p0_snap_592.jpg,26.571636817992502,25.726364014993752,15.67024156601416,30.347667638483966,120.95564348188255,28.350583090379008,1.032855885656724,1.6956739147456577,fully-ripe
stereo20190406_054921_p0_snap_592.jpg,30.708419421487605,35.19602272727273,21.08148243801653,39.476756198347104,107.63468491735537,35.20738636363637,0.872496615156635,1.4566530103016195,unripe
stereo20190406_054921_p0_snap_592.jpg,41.975594008264466,47.39139979338843,34.434529958677686,46.01420454545455,82.41025309917356,47.663094008264466,0.8857215725648337,1.2189967996853226,unripe
stereo20190406_054921_p0_snap_592.jpg,44.5886649408284,34.150887573964496,21.332932692307693,18.993435650887573,138.07331730769232,45.139792899408285,1.3056366921032643,2.0901319421303435,fully-ripe
stereo20190406_054921_p0_snap_592.jpg,39.81017561983471,45.28176652892562,30.807205578512395,40.722494834710744,90.75464876033058,45.35963326446281,0.8791654981646821,1.292235434857078,unripe
stereo20190406_054921_p0_snap_592.jpg,30.160763888888887,34.594097222222224,21.6375,40.14180555555556,101.90541666666667,34.75881944444444,0.8718468638356566,1.3939110317633077,unripe
stereo20190406_054921_p0_snap_592.jpg,29.502569444444443,31.051597222222224,18.47597222222222,34.19770833333333,113.62125,31.668680555555557,0.9501140869555633,1.5968065507748679,unripe
stereo20190406_054921_p0_snap_592.jpg,38.22680555555556,37.53736111111111,22.357777777777777,29.548472222222223,114.90625,39.35166666666667,1.0183666150302244,1.7097758479285048,unripe
stereo20190406_054921_p0_snap_592.jpg,55.96243055555556,59.213055555555556,42.56055555555555,37.045138888888886,78.04777777777778,59.41972222222222,0.945102740932233,1.3148892601651676,unripe
stereo20190406_054921_p0_snap_592.jpg,43.92971453287197,48.9797794117647,32.488754325259514,40.19593425605537,91.93420198961938,49.14073313148789,0.8968947204644425,1.3521509803534537,unripe
stereo20190406_054921_p0_snap_499.jpg,45.87358940972222,40.14735243055556,25.7822265625,26.718424479166668,120.53493923611111,47.609157986111114,1.142630216096301,1.779271138813647,semi-ripe
stereo20190406_054921_p0_snap_499.jpg,50.309244791666664,40.423611111111114,25.48611111111111,22.311631944444443,130.87293836805554,51.015625,1.2445506713360301,1.9739859420872596,semi-ripe
stereo20190406_054921_p0_snap_499.jpg,30.558271604938273,37.05925925925926,21.45740740740741,42.229382716049386,111.24049382716049,37.11271604938272,0.8245783636789678,1.4241355809385112,unripe
stereo20190406_054921_p0_snap_499.jpg,33.60042735042735,39.097468770545696,20.534681130834976,38.23504273504273,127.5266272189349,39.92077580539119,0.8594013835935738,1.636276247660371,unripe
stereo20190406_054921_p0_snap_499.jpg,26.80014349489796,32.460379464285715,17.528459821428573,40.915896045918366,119.52806122448979,32.63321109693877,0.8256260610916145,1.5289494044788072,unripe
stereo20190406_054921_p0_snap_499.jpg,41.805765595463136,40.33601134215501,23.14868856332703,32.20191398865784,127.73602906427222,44.55868974480151,1.0364375117922724,1.8059661315774043,semi-ripe
stereo20190406_054921_p0_snap_499.jpg,33.76486111111111,38.04576388888889,20.61423611111111,38.19305555555555,120.28,38.42625,0.8874799395517616,1.6379381971631646,unripe
stereo20190406_054921_p0_snap_499.jpg,41.340625,46.32805555555556,26.337152777777778,37.09152777777778,116.07284722222222,47.03881944444444,0.8923451584747321,1.5696688876024845,unripe
stereo20190406_054921_p0_snap_499.jpg,40.78993055555556,47.50625,28.911597222222223,40.678472222222226,102.87770833333333,47.52298611111111,0.8586222227461298,1.4108496370344759,unripe
stereo20190405_133623_p2_snap_020.jpg,44.28835884656461,46.79245283018868,28.524118903524386,34.55571377714489,102.2305980776077,47.13839444642221,0.9464848859802156,1.5526629751379517,unripe
stereo20190405_133623_p2_snap_020.jpg,45.99672813801309,50.843545508625816,34.349048185603806,39.40437239738251,82.34919690660321,51.03688280785247,0.9046717460624789,1.3390972145283153,unripe
stereo20190405_133623_p2_snap_020.jpg,61.496255165289256,48.83716425619835,32.65263429752066,22.522339876033058,116.62939049586777,62.97882231404959,1.2592099379600004,1.8833468617412619,fully-ripe
stereo20190405_133623_p2_snap_020.jpg,67.27334104938272,69.16628086419753,45.4994212962963,32.39255401234568,92.20582561728395,71.0426311728395,0.9726319021713703,1.4785534485319785,unripe
stereo20190405_133623_p2_snap_020.jpg,69.32735020661157,72.04558367768595,48.01058884297521,33.32502582644628,89.94434400826447,73.75477789256199,0.9622705104876347,1.444000947235745,unripe
stereo20190405_133623_p2_snap_020.jpg,44.79077292899408,43.804548816568044,27.634522928994084,30.12139423076923,104.69730029585799,46.483635355029584,1.0225139606257836,1.620826125199305,unripe
stereo20190405_133623_p2_snap_020.jpg,69.98041666666667,56.52493055555556,41.10138888888889,21.757916666666667,109.78381944444445,70.64319444444445,1.2380449404964238,1.7026285858505112,semi-ripe
stereo20190405_133623_p2_snap_020.jpg,47.822762573964496,50.43010355029586,30.954974112426036,34.742973372781066,102.11834319526628,50.73326553254438,0.9482977373483215,1.5449131681113462,unripe
stereo20190405_133623_p2_snap_020.jpg,50.272004437869825,34.84273298816568,22.78957100591716,19.75,137.97993713017752,51.28725961538461,1.442825682666393,2.2059205224008744,fully-ripe
stereo20190405_133623_p2_snap_020.jpg,78.86916666666667,55.902430555555554,36.449305555555554,16.534861111111113,132.05180555555555,79.15631944444445,1.410835839774954,2.163803776958592,fully-ripe
stereo20190405_133623_p2_snap_057.jpg,43.6614152892562,47.36118285123967,30.823088842975206,36.533186983471076,95.39798553719008,47.79455061983471,0.9218816643068011,1.4165160846313456,unripe
stereo20190405_133623_p2_snap_057.jpg,50.20564348188255,44.06840899625156,32.17565597667638,26.216055810079133,98.58642232403166,51.16732611411912,1.1392658195011036,1.560360662566419,fully-ripe
stereo20190405_133623_p2_snap_057.jpg,64.23052285318559,51.86353012465374,35.03146641274238,22.519953254847646,118.4707842797784,65.05483898891967,1.2384523443407038,1.8335088734605063,fully-ripe
stereo20190405_133623_p2_snap_057.jpg,58.02634985207101,60.52403846153846,44.001386834319526,37.25221893491124,83.43888683431953,61.435003698224854,0.9587321292452093,1.3187388134644968,unripe
stereo20190405_133623_p2_snap_057.jpg,60.391527777777775,63.54145833333333,41.46895833333333,36.60263888888889,95.92055555555555,64.84326388888888,0.9504270102945807,1.4563064914550627,unripe
stereo20190405_133623_p2_snap_057.jpg,54.81590277777778,57.89625,38.631875,34.88729166666667,88.03909722222222,58.58083333333333,0.9467952295671218,1.418929021397164,unripe
stereo20190405_133623_p2_snap_057.jpg,60.63181228373703,64.18917603806229,42.987727076124564,34.299632352941174,88.5307634083045,65.57423226643598,0.9445798587909209,1.4104443826937798,unripe
stereo20190405_133623_p1_snap_041.jpg,148.7452847633136,164.25166420118344,110.84476701183432,40.35151627218935,90.1203772189349,164.5146079881657,0.9055937206528752,1.3419241643422932,unripe
stereo20190405_133623_p1_snap_041.jpg,167.39441568047337,183.25610207100593,117.1930473372781,37.701645710059175,98.03032544378698,183.44951923076923,0.9134451985733133,1.428364610360128,unripe
stereo20190405_133623_p1_snap_041.jpg,143.85059171597632,155.52801405325442,108.34273298816568,39.80796967455621,86.41244452662721,156.31102071005918,0.9249175033993897,1.3277362908532708,unripe
stereo20190405_133623_p1_snap_041.jpg,65.75120192307692,50.47596153846154,29.255454881656803,19.900147928994084,140.9262204142012,66.66373890532545,1.3026238013660816,2.247484433730635,fully-ripe
stereo20190405_133623_p1_snap_041.jpg,63.13655695266272,76.13646449704142,43.71588387573964,43.13572485207101,109.53245192307692,76.13646449704142,0.8292550629608696,1.4442471914705757,unripe
stereo20190406_054921_p0_snap_452.jpg,30.571502770083104,33.455851800554015,19.676592797783933,35.56509695290859,112.00848337950139,33.604916897506925,0.9137861386543882,1.5536982213985742,unripe
stereo20190406_054921_p0_snap_452.jpg,45.8007271468144,49.203947368421055,30.587950138504155,35.92970914127424,106.03687673130194,49.59383656509695,0.9308342173349081,1.4973449337394815,unripe
stereo20190406_054921_p0_snap_452.jpg,40.454870065463204,33.16866693116445,18.434784764927592,23.925114064669707,140.03813727435033,40.934189644911726,1.219670900633749,2.194484429109515,semi-ripe
stereo20190406_054921_p0_snap_452.jpg,46.00004959333466,35.98284070620909,22.78382265423527,23.1609799642928,129.67437016464987,47.40978972426106,1.278388140198048,2.0189776799814996,fully-ripe
stereo20190406_054921_p0_snap_452.jpg,31.027578125,34.948046875,21.868984375,38.867578125,108.5267578125,35.0220703125,0.8878198360491822,1.418793090937452,unripe
stereo20190406_054921_p0_snap_452.jpg,64.82658179012346,43.07368827160494,29.92380401234568,13.086226851851851,141.22935956790124,64.85976080246914,1.5050154593495506,2.166387672486466,fully-ripe
stereo20190406_054921_p0_snap_452.jpg,61.89101080246913,35.21797839506173,22.97974537037037,13.18846450617284,158.51909722222223,62.20235339506173,1.7573692769785652,2.693284145325156,fully-ripe
stereo20190406_054921_p0_snap_452.jpg,56.511180555555555,35.11875,21.17388888888889,14.830902777777778,158.2295138888889,56.75909722222222,1.6091450995295833,2.668907642003055,fully-ripe
stereo20190406_054921_p0_snap_452.jpg,34.034503271861986,37.07331945270672,22.908982748364068,35.99063057703748,99.5611243307555,37.26784651992861,0.9180320131559462,1.4856394449857422,unripe
stereo20190406_054921_p0_snap_452.jpg,54.840547091412745,41.50121191135734,25.546918282548475,20.608206371191137,133.37608206371192,55.3215027700831,1.3214200586321756,2.1466591397947132,semi-ripe
stereo20190406_054921_p0_snap_452.jpg,39.3546,36.8348,21.305,28.7902,120.6679,40.0837,1.0684078457307093,1.8471993207231538,unripe
stereo20190406_065607_p0_snap_436.jpg,57.64274691358025,59.47800925925926,39.54359567901235,32.523341049382715,92.82773919753086,60.49402006172839,0.9691436875582687,1.4577008323794296,unripe
stereo20190406_065607_p0_snap_436.jpg,72.82175925925925,57.30073302469136,38.65817901234568,18.196180555555557,122.36747685185185,73.51041666666667,1.2708693712379917,1.883734368312061,fully-ripe
stereo20190406_065607_p0_snap_436.jpg,72.06618084473527,58.83581201665675,46.483938132064246,19.94214753123141,95.61600237953598,72.82138607971446,1.2248691082166392,1.550345522286318,fully-ripe
stereo20190406_065607_p0_snap_436.jpg,35.12386621315193,31.93735827664399,17.40972222222222,26.831632653061224,134.35445011337868,36.162131519274375,1.0997733410250414,2.017484574996446,semi-ripe
stereo20190406_065607_p0_snap_436.jpg,42.31617283950617,37.39049382716049,21.074197530864197,25.891111111111112,135.2327160493827,43.83641975308642,1.1317358288381145,2.0079603362324345,semi-ripe
stereo20190406_065607_p0_snap_436.jpg,57.121456916099774,41.55073696145125,25.60969387755102,20.970521541950113,136.1529195011338,57.92148526077097,1.3747395917838556,2.230461437165283,fully-ripe
stereo20190406_065607_p0_snap_436.jpg,47.07323407202216,51.13417590027701,32.378116343490305,36.13313711911357,98.4610457063712,51.278047091412745,0.9205824487716573,1.4538591137929244,unripe
stereo20190406_065607_p0_snap_436.jpg,58.07666015625,48.345052083333336,34.98448350694444,18.28152126736111,113.40587022569444,58.29736328125,1.2012945615033468,1.6600686285402915,semi-ripe
stereo20190406_065607_p0_snap_436.jpg,55.28807257584771,59.08402736466389,36.89306960142772,35.08878643664485,101.02721594289113,59.0871505056514,0.9357531245641243,1.498602805001622,unripe
stereo20190406_065607_p0_snap_436.jpg,59.795654296875,62.879150390625,43.7353515625,36.128173828125,83.0419921875,63.361328125,0.9509613984252605,1.3672152729645104,unripe
stereo20190406_065607_p0_snap_436.jpg,62.03955078125,63.67333984375,45.992919921875,32.80224609375,79.86572265625,65.189208984375,0.9743409280882939,1.3488932078611273,unripe
stereo20190406_065607_p0_snap_436.jpg,63.31751933372992,65.57956573468174,47.47144556811422,33.404223676383104,76.1162998215348,66.2586258179655,0.9655066935763121,1.3338019358365585,unripe
stereo20190406_065607_p0_snap_436.jpg,44.07331945270672,48.47501487209994,30.30026769779893,37.34785841760856,99.87656157049375,48.50609756097561,0.9091964278304755,1.4545516675547925,unripe
stereo20190406_065607_p0_snap_436.jpg,33.419965397923875,36.30404844290658,24.696159169550175,37.557162629757784,100.58391003460207,36.40653979238754,0.9205572828856486,1.3532449169942498,unripe
stereo20190405_133623_p2_snap_078.jpg,70.87972589792061,88.6234640831758,43.718100189035916,43.488421550094515,129.4164697542533,88.65087429111531,0.7997850076538169,1.6212897948113174,unripe
stereo20190405_133623_p2_snap_078.jpg,73.33043587805493,65.01001511715798,32.783824640967495,28.42687074829932,148.1897833207357,79.0285336356765,1.1279865796990896,2.2367864126065164,fully-ripe
stereo20190405_133623_p2_snap_078.jpg,81.66516620498615,66.09937673130194,35.55384349030471,22.529605263157894,148.9047783933518,83.75398199445983,1.235490527876757,2.2969427555090665,fully-ripe
stereo20190405_133623_p2_snap_078.jpg,51.63236053719008,63.36260330578512,30.83225723140496,40.97275309917355,131.10291838842974,63.40315082644628,0.8148710705477792,1.674620946610072,unripe
stereo20190405_133623_p2_snap_078.jpg,70.40913146936347,87.05190362879239,46.20984533016062,42.682034503271865,122.79863176680547,87.05398572278406,0.808817733399897,1.523682144562099,unripe
stereo20190405_133623_p2_snap_078.jpg,94.571,116.8917,61.1238,42.9498,124.7743,116.8952,0.8090479641370633,1.5472039455655657,unripe
stereo20190405_133623_p2_snap_176.jpg,110.14390359168242,136.6906899810964,66.99338374291115,41.73381379962193,133.94801512287336,136.74964555765595,0.8057893010052237,1.6441009693338189,unripe
stereo20190405_133623_p2_snap_176.jpg,84.7122,114.3205,55.4424,45.7486,132.9432,114.3205,0.7410061414176686,1.5279314156798016,unripe
stereo20190405_133623_p2_snap_176.jpg,91.71622693909939,125.089912715731,58.46662368577663,45.849781789327515,136.40259869073597,125.089912715731,0.7332023631314097,1.5686934779248543,unripe
stereo20190405_133623_p2_snap_176.jpg,58.210353185595565,78.49255540166205,36.92486149584487,45.525450138504155,134.03427977839334,78.49255540166205,0.7416033975666565,1.5764537783739052,unripe
stereo20190405_133623_p2_snap_176.jpg,74.15615704937537,98.60053539559786,44.039411064842355,44.449583581201665,140.0838786436645,98.60053539559786,0.7520866821968528,1.683858580706363,unripe
stereo20190405_133623_p2_snap_176.jpg,66.14366448542535,87.14143367043427,41.17935752528257,44.039708506841166,134.37254610350982,87.14143367043427,0.7590379697584337,1.6062331322795484,unripe
stereo20190405_133623_p2_snap_176.jpg,90.55666270077334,123.3313503866746,65.18188578227246,49.33625817965497,116.7122248661511,123.3313503866746,0.7342549568646255,1.389291637102124,unripe
stereo20190405_133623_p2_snap_176.jpg,107.97114812611541,146.1859012492564,69.44497323022011,46.21743010113028,134.34428911362284,146.1859012492564,0.738587920022044,1.5547724702902657,unripe
stereo20190405_133623_p2_snap_176.jpg,116.93857822724569,150.01992861392029,75.08596073765615,43.974568709101725,130.3517251635931,150.08372992266507,0.7794869089247515,1.5573958367778036,unripe
stereo20190405_133623_p2_snap_176.jpg,73.60369809688581,95.55498486159169,48.98956531141869,48.16214316608997,116.64722102076125,95.55763408304499,0.7702757789218488,1.5024359290522358,unripe
stereo20190405_133623_p2_snap_176.jpg,70.41977879919564,93.29560471128985,47.74382361390405,45.7361390405056,125.92882792301063,93.29560471128985,0.7548026669540131,1.4749502389914466,unripe
stereo20190405_133623_p2_snap_176.jpg,81.74956747404845,107.24075475778547,53.221939878892734,46.687554065743946,123.4712910899654,107.24075475778547,0.7622993705676049,1.536012259228959,unripe
stereo20190406_065607_p0_snap_362.jpg,30.105667060212514,25.97111654579187,16.78103390116377,23.465677179962896,117.86544948557936,30.690757294653398,1.159197580710667,1.7940282641251346,semi-ripe
stereo20190406_065607_p0_snap_362.jpg,62.024584487534625,62.99722991689751,45.6546052631579,31.85630193905817,81.15529778393352,64.55782548476455,0.9845603485066019,1.3585611034069291,unripe
stereo20190406_065607_p0_snap_362.jpg,44.76904432132964,45.26246537396122,26.576523545706372,31.620325484764543,109.67416897506925,46.16862880886426,0.9890984518951995,1.684532869733961,unripe
stereo20190406_065607_p0_snap_362.jpg,49.62422839506173,47.23225308641975,28.526041666666668,28.18576388888889,113.50617283950618,50.051890432098766,1.0506426148640273,1.7396108292494175,unripe
stereo20190406_065607_p0_snap_362.jpg,44.69618055555556,37.12307098765432,21.086805555555557,24.71527777777778,143.29764660493828,45.26639660493827,1.2039997588136542,2.1196268558331393,semi-ripe
stereo20190406_065607_p0_snap_362.jpg,42.20949074074074,43.30941358024691,24.93479938271605,32.25231481481482,113.45621141975309,43.72183641975309,0.9746029212910642,1.6927938005412988,unripe
stereo20190406_065607_p0_snap_362.jpg,32.614583333333336,26.446458333333332,16.919027777777778,22.261388888888888,137.34875,32.985347222222224,1.2332301962688026,1.9276854725255588,fully-ripe
stereo20190406_065607_p0_snap_362.jpg,47.31498702422145,32.49470155709343,22.55676903114187,16.43366133217993,147.5574178200692,47.70874783737024,1.4560826902891166,2.0975950049826895,fully-ripe
stereo20190406_065607_p0_snap_362.jpg,52.31172839506173,33.71161265432099,19.943479938271604,19.115354938271604,149.3624614197531,52.892168209876544,1.5517416331888334,2.6229977078723516,fully-ripe
stereo20190406_065607_p0_snap_362.jpg,57.52507716049383,39.97106481481482,22.58082561728395,18.275270061728396,154.14564043209876,58.12866512345679,1.4391676337703287,2.547517644407396,fully-ripe
stereo20190406_065607_p0_snap_094.jpg,34.557537807183365,31.792414933837428,12.620982986767485,30.362003780718336,175.53981568998108,37.04938563327032,1.0869739530438574,2.7380997551789554,semi-ripe
stereo20190406_065607_p0_snap_094.jpg,46.03816162570889,40.20451323251418,23.139886578449904,28.045486767485823,141.15430056710775,49.162216446124766,1.1450990566274624,1.9895577955427879,fully-ripe
stereo20190406_065607_p0_snap_094.jpg,37.721842447916664,46.94129774305556,23.943196614583332,41.96845160590278,134.21229383680554,46.94989691840278,0.8035959001056417,1.5754716172787415,unripe
stereo20190406_065607_p0_snap_094.jpg,29.071243895432346,37.42703246193623,15.58912668773341,41.78124102269463,155.5002872737719,37.44534616489514,0.7767443533642329,1.8648398867595775,unripe
stereo20190406_065607_p0_snap_094.jpg,33.94936799770181,42.4798190175237,21.982189026141914,42.258905486929045,134.38293593794887,42.4798190175237,0.7991879624491209,1.5444027213714229,unripe
stereo20190406_065607_p0_snap_094.jpg,23.4834574417947,29.885945894994816,13.369450466584976,41.44509378829296,152.8210717315487,29.892237722688282,0.7857689921080162,1.7565000098910644,unripe
stereo20190405_132743_p0_snap_496.jpg,74.7470703125,95.8310546875,42.630859375,42.5966796875,143.859375,95.8310546875,0.7799878938655874,1.7533555240216114,unripe
stereo20190405_132743_p0_snap_496.jpg,96.41115702479338,90.77530991735537,38.66012396694215,29.542871900826448,159.58935950413223,103.13223140495867,1.06208556590678,2.4938133196132606,semi-ripe
stereo20190405_132743_p0_snap_496.jpg,119.62543252595155,85.28546712802768,34.976643598615915,21.121107266435985,177.13754325259515,121.57179930795847,1.4026471628501755,3.420150878318597,fully-ripe
stereo20190405_132743_p0_snap_496.jpg,90.42249527410208,76.78638941398866,32.56521739130435,26.780718336483933,162.04017013232513,93.3913043478261,1.1775847801717505,2.776657880738364,semi-ripe
stereo20190405_132743_p0_snap_496.jpg,85.95934256055364,107.49826989619378,47.31487889273357,40.77595155709343,146.25259515570934,107.49826989619378,0.7996345861865016,1.8167503839104424,unripe
stereo20190405_132743_p0_snap_496.jpg,76.02582908163265,97.28443877551021,40.51434948979592,41.51084183673469,150.84183673469389,97.28443877551021,0.781479774399163,1.8765156364074018,unripe
stereo20190405_132743_p0_snap_496.jpg,97.37718089990817,122.89233241505968,55.76147842056933,43.266299357208446,143.45385674931129,122.92906336088154,0.7923779381714772,1.7463160266716913,unripe
stereo20190405_132743_p0_snap_496.jpg,47.2119140625,53.2763671875,18.72265625,36.248046875,168.4912109375,53.4423828125,0.8861697539294605,2.5216448037949726,unripe
stereo20190405_132743_p0_snap_496.jpg,53.048828125,61.05078125,23.0166015625,36.69921875,161.2490234375,61.05078125,0.8689294117052087,2.3048061605831776,unripe
stereo20190405_132743_p0_snap_496.jpg,56.345703125,72.69921875,29.2177734375,42.40234375,158.763671875,72.69921875,0.7750522817616549,1.928472885204641,unripe
stereo20190405_132743_p0_snap_496.jpg,94.62,118.336875,58.255625,42.12125,133.955,118.336875,0.7995816350920509,1.6242205582344094,unripe
stereo20190405_132743_p0_snap_496.jpg,95.6948,121.3796,54.0884,42.1064,144.1512,121.3796,0.7883927127463995,1.7692293043925675,unripe
stereo20190405_132743_p0_snap_496.jpg,84.5072,105.4368,45.7268,40.7196,148.8756,105.4368,0.801496175766319,1.848088681454053,unripe
stereo20190405_135700_p1_snap_029.jpg,79.58564013840831,109.51163014225298,42.59256055363322,43.886774317570165,157.94530949634756,109.51739715494041,0.7267322454035797,1.8685333874881498,unripe
stereo20190405_135700_p1_snap_029.jpg,96.68724173553719,129.60614669421489,49.217781508264466,43.85714746900826,156.4612603305785,129.61237732438016,0.7460080925295498,1.9644774536318197,unripe
stereo20190405_135700_p1_snap_029.jpg,91.40958058029302,126.98384085033037,49.643565067509336,44.07540936512496,157.28590922148808,126.98384085033037,0.7198520124266274,1.8413174404943016,unripe
stereo20190405_135700_p1_snap_029.jpg,98.73761894463668,133.80238970588235,49.14830233564014,42.86883650519031,162.7192365916955,133.80238970588235,0.7379360845670684,2.0089727246450457,unripe
stereo20190405_135700_p1_snap_029.jpg,81.1844,113.4204,42.8099,44.506,159.7647,113.4204,0.7157829882646342,1.8963926810404412,unripe
stereo20190405_135700_p1_snap_029.jpg,75.9773464532872,106.92787629757785,38.96885813148789,44.643923010380625,162.41722534602076,106.92787629757785,0.7105475389445555,1.9496934372567896,unripe
stereo20190405_135700_p1_snap_029.jpg,91.36964952599827,126.22953174375179,49.53418557885665,44.19039069232979,155.90742602700374,126.22953174375179,0.723837290889325,1.8445772351453873,unripe
stereo20190405_135700_p1_snap_029.jpg,101.0070285467128,141.00632569204151,53.87640570934256,44.815257352941174,157.29087370242215,141.00632569204151,0.71632971703706,1.874791171922698,unripe
stereo20190405_133623_p3_snap_019.jpg,77.30901606824042,57.23467565959135,43.7827811942075,19.428883158103552,115.66276532434041,77.67045229121206,1.3507371478904073,1.7657397794791225,semi-ripe
stereo20190405_133623_p3_snap_019.jpg,43.48003447285263,46.34688307957484,30.219692617064062,35.86376041367423,92.06420568802068,46.649454179833384,0.9381434565246912,1.4387975627629406,unripe
stereo20190405_133623_p3_snap_019.jpg,47.5959,49.8323,34.0144,36.2501,91.0932,50.963,0.9551212857682094,1.39928636128041,unripe
stereo20190405_133623_p1_snap_141.jpg,62.30806327160494,67.85551697530865,43.72743055555556,36.788966049382715,95.31577932098766,68.02874228395062,0.9182459565051742,1.4249190549454354,unripe
stereo20190405_133623_p1_snap_141.jpg,58.03864644970414,65.60040680473372,40.82646079881657,40.0414201183432,97.3025147928994,65.61926775147928,0.8847298428371582,1.4215935228813972,unripe
stereo20190405_133623_p1_snap_141.jpg,64.09645061728395,57.607831790123456,32.63194444444444,26.256172839506174,127.01697530864197,64.94733796296296,1.112634124548525,1.9642234646535643,semi-ripe
stereo20190405_133623_p1_snap_141.jpg,71.09972993827161,77.36824845679013,48.28144290123457,36.56886574074074,99.19212962962963,77.45158179012346,0.918978032547812,1.472609577091943,unripe
stereo20190405_133623_p1_snap_141.jpg,69.6823347107438,73.99134814049587,50.44163223140496,35.97998450413223,85.52388946280992,74.25891012396694,0.9417631526431771,1.3814446086245697,unripe
stereo20190405_133623_p1_snap_141.jpg,64.56960227272727,71.91490185950413,41.41696797520661,37.45157541322314,112.82618801652893,72.13855888429752,0.8978611056198337,1.5590128838318547,unripe
stereo20190405_133623_p1_snap_141.jpg,50.72531434911242,46.08811020710059,27.743158284023668,28.371764053254438,122.74389792899409,53.57978920118343,1.1006158229316847,1.8283893832819151,fully-ripe
stereo20190405_133623_p1_snap_141.jpg,97.97549926035504,102.42575813609467,76.3804548816568,40.288738905325445,74.49509985207101,103.48825813609467,0.9565512765320295,1.2827298107200236,unripe
stereo20190405_133623_p1_snap_141.jpg,72.46576388888889,76.23291666666667,51.31791666666667,35.91361111111111,92.82791666666667,77.71208333333334,0.9505835215503408,1.4120945368581832,unripe
stereo20190405_133623_p1_snap_141.jpg,83.56847222222223,81.33375,54.094375,27.57,97.07326388888889,86.81902777777778,1.0274758258098755,1.5448640782628775,unripe
stereo20190405_133623_p1_snap_141.jpg,89.5275,91.91326388888889,55.924375,31.423055555555557,101.88520833333334,93.22111111111111,0.9740432062971341,1.600866956337562,unripe
stereo20190405_133623_p1_snap_141.jpg,103.09700963718821,108.03656462585035,77.17237103174604,40.03560799319728,82.90175028344672,109.15837585034014,0.9542787708165617,1.3359314337441224,unripe
stereo20190405_133623_p1_snap_141.jpg,106.13681613573407,112.2378808864266,78.68208968144044,40.4055141966759,83.40244113573407,112.85431094182826,0.945641576988771,1.3489321785444122,unripe
stereo20190406_065607_p0_snap_396.jpg,41.52796782544379,43.97933616863905,30.177029400887573,37.286612426035504,96.60879715236686,44.71133043639053,0.9442606915119783,1.3761445340533425,unripe
stereo20190406_065607_p0_snap_396.jpg,40.828392869339524,32.55578512396694,22.966839696742024,21.915016050816202,136.86394371969126,41.744877399084764,1.2541052280821872,1.7777097603042729,semi-ripe
stereo20190406_065607_p0_snap_396.jpg,42.66638207772693,43.25380780001366,31.55136261184345,34.77703025749607,97.69846663479271,44.98505908066389,0.9864188700058161,1.352282913413131,unripe
stereo20190406_065607_p0_snap_396.jpg,54.39923822714682,50.17382271468144,33.71987534626039,26.611842105263158,107.62690443213296,55.204813019390585,1.0842153226861015,1.6132687780084582,semi-ripe
stereo20190406_065607_p0_snap_396.jpg,48.737594517958414,52.09593572778828,34.40867202268431,35.710656899810964,88.91895085066163,52.276701323251416,0.9355352674202725,1.4164330527344118,unripe
stereo20190406_065607_p0_snap_396.jpg,39.424267485822305,28.700850661625708,17.000354442344044,17.988067107750474,149.9109168241966,39.92391304347826,1.3736266640440598,2.319024843233679,semi-ripe
stereo20190406_065607_p0_snap_396.jpg,41.55068525519849,29.494210775047257,16.77540170132325,22.15843572778828,150.23688563327033,42.62570888468809,1.4087737924017731,2.476880209856248,semi-ripe
stereo20190406_065607_p0_snap_396.jpg,33.209167117360735,35.41306111411574,20.02014602487831,35.74959437533802,119.92874526771227,36.6335857220119,0.9377658043366782,1.6587866286403026,unripe
stereo20190406_065607_p0_snap_396.jpg,51.52424152290303,37.27825698988697,21.13860797144557,18.55116002379536,150.3841463414634,51.97471743010113,1.3821522748597936,2.437446080557533,fully-ripe
stereo20190406_065607_p0_snap_396.jpg,42.28152829646653,45.95698075265728,29.776429187015225,37.15053145647802,95.35557311117495,46.19082160298765,0.9200238658798993,1.4199659009229173,unripe
stereo20190406_065607_p0_snap_396.jpg,42.2998811679493,45.506394296061565,34.132610909913986,44.85734495246718,83.543854685378,45.84424513354459,0.9295368821660608,1.2392801970757275,unripe
stereo20190406_065607_p0_snap_396.jpg,37.14868079584775,21.07379974048443,13.105806660899654,13.659764273356402,172.49026816608998,37.776762543252595,1.762789037830319,2.8345185772877786,fully-ripe
stereo20190406_065607_p0_snap_396.jpg,66.78941106484235,54.9651992861392,37.92058298631767,20.53286734086853,112.6017251635931,67.0026769779893,1.2151215638450212,1.7612965886092813,semi-ripe
stereo20190406_065607_p0_snap_396.jpg,48.24182034503272,51.13027959547888,34.058596073765614,34.74479476502082,89.70389649018442,51.767697798929206,0.9435076688730202,1.41643554761309,unripe
stereo20190406_065607_p0_snap_396.jpg,53.62284354550862,54.56558596073766,37.70389649018441,31.748810232004757,86.78435455086259,55.63518738845925,0.9827225855664182,1.4222092227888492,unripe
stereo20190405_133623_p1_snap_037.jpg,53.21416204986149,57.69979224376731,37.48926592797784,35.95515927977839,95.26436980609418,58.76333102493075,0.9222590022933682,1.4194502489750231,unripe
stereo20190405_133623_p1_snap_037.jpg,103.20895300416419,109.07391433670435,91.3198988697204,46.91701368233195,55.49241522903034,111.60886377156454,0.9462293910464304,1.1301911519798495,unripe
stereo20190405_133623_p1_snap_037.jpg,64.31677572873289,76.03420582986318,51.324063057703746,45.78405710886377,86.02468768590126,76.05710886377156,0.8458925370211006,1.2531502645244352,unripe
stereo20190405_133623_p1_snap_037.jpg,73.83030933967876,48.65377751338489,30.669095776323616,13.852171326591314,148.66969066032124,73.92876264128495,1.5174627323590726,2.407318618225751,fully-ripe
stereo20190405_133623_p1_snap_037.jpg,78.465087890625,77.75537109375,58.3486328125,32.292236328125,76.16748046875,80.355224609375,1.0091274299848045,1.3447628617989973,unripe
stereo20190405_133623_p1_snap_037.jpg,111.51953125,117.27978515625,106.521728515625,63.275390625,46.27734375,120.846435546875,0.9508844307020173,1.0469180545118675,unripe
stereo20190405_133623_p1_snap_037.jpg,78.87700773349196,81.14440809042237,58.65898274836407,32.193783462224864,77.56186793575253,83.91954193932183,0.9720571000410189,1.3446703401788596,unripe
stereo20190405_133623_p1_snap_037.jpg,70.49648089629417,72.96674806090203,55.15426601551278,37.18679977018098,73.3228957196208,75.36534041941971,0.9661451703452957,1.278168910719927,unripe
stereo20190405_133623_p1_snap_037.jpg,90.040771484375,94.47021484375,79.7490234375,47.474853515625,54.95166015625,96.5234375,0.9531127043817124,1.1290515709502702,unripe
stereo20190406_065607_p0_snap_004.jpg,37.7463476990504,36.14609203798393,22.32989408327246,34.93462381300219,116.04314280496713,40.51127647918189,1.0442715969590541,1.690394529160855,semi-ripe
stereo20190406_065607_p0_snap_004.jpg,16.564814814814813,20.97704475308642,12.05787037037037,45.01909722222222,111.39236111111111,20.97704475308642,0.7896635161510259,1.3737750173338308,unripe
stereo20190406_065607_p0_snap_004.jpg,98.04417438271605,99.03858024691358,66.35378086419753,31.219135802469136,94.17476851851852,103.1664737654321,0.9899593091771768,1.47759718180047,unripe
stereo20190406_065607_p0_snap_004.jpg,79.94560185185185,84.69155092592592,52.923418209876544,34.32233796296296,98.57445987654322,86.07773919753086,0.9439618419806307,1.5105900081683,unripe
stereo20190406_065607_p0_snap_004.jpg,78.58270321361059,62.16186200378072,37.87795368620038,24.23227788279773,128.0615548204159,80.09227315689981,1.264162430771569,2.0746285060260425,semi-ripe
stereo20190406_065607_p0_snap_004.jpg,77.1929012345679,51.4056712962963,31.927854938271604,15.30516975308642,147.07696759259258,77.56635802469135,1.5016414390004307,2.4177282566125355,fully-ripe
stereo20190406_065607_p0_snap_004.jpg,118.95273919753086,83.83873456790124,63.24980709876543,17.952353395061728,121.87480709876543,119.67129629629629,1.418827772417211,1.8806811569397042,fully-ripe
stereo20190406_065607_p0_snap_004.jpg,54.8255839100346,61.065852076124564,38.12970371972318,38.689176038062286,98.56341911764706,61.07450259515571,0.8978106923585087,1.4378703263558787,unripe
stereo20190406_065607_p0_snap_004.jpg,91.3402736466389,50.79149315883403,28.993456276026176,12.206276026174896,173.75922070196313,91.55591909577632,1.7983376739412826,3.1503743904593233,fully-ripe
stereo20190406_065607_p0_snap_004.jpg,99.899169921875,97.369384765625,66.619873046875,27.966796875,90.1826171875,101.830078125,1.0259812147578748,1.4995398573663672,unripe
stereo20190406_065607_p0_snap_004.jpg,67.63563355145746,72.9913741820345,50.78747769185009,37.555919095776325,80.71445568114218,72.9940511600238,0.9266248929158509,1.3317381234100893,unripe
stereo20190406_065607_p0_snap_004.jpg,52.25416418798334,55.88340273646639,33.59339678762641,36.199286139202854,102.14411064842356,56.49940511600238,0.9350567839226683,1.5554886861677368,unripe
stereo20190406_065607_p0_snap_004.jpg,85.63911011080333,86.77731128808864,58.62625519390582,30.899454639889196,89.4277614265928,88.78791551246537,0.9868835409944655,1.4607635302633175,unripe
stereo20190405_135700_p0_snap_155.jpg,100.82670454545455,56.22159090909091,34.90715392561984,12.58122417355372,159.73592458677686,101.02918388429752,1.79338017621535,2.88842441512281,fully-ripe
stereo20190405_135700_p0_snap_155.jpg,30.141270661157026,34.12396694214876,19.842846074380166,38.428073347107436,113.0962035123967,34.207644628099175,0.8832871594145161,1.5189986032340133,unripe
stereo20190405_135700_p0_snap_155.jpg,66.50145833333333,61.39479166666667,40.629444444444445,29.157708333333332,102.87381944444445,68.686875,1.0831773460950724,1.6367795049836449,unripe
stereo20190405_135700_p0_snap_155.jpg,71.32173611111111,49.486180555555556,31.979305555555555,16.285208333333333,141.30805555555557,71.66486111111111,1.4412452304454901,2.230245859615368,fully-ripe
stereo20190405_135700_p0_snap_155.jpg,97.0679012345679,65.38175154320987,45.35050154320987,15.705054012345679,134.65258487654322,97.38368055555556,1.4846327009775824,2.140392642364834,fully-ripe
stereo20190405_135700_p0_snap_155.jpg,74.89644970414201,75.0360576923077,50.22762573964497,30.987148668639055,89.41503328402366,76.9172522189349,0.998139321629457,1.4911402577729893,unripe
stereo20190405_135700_p0_snap_155.jpg,58.7962962962963,64.41936728395062,40.18537808641975,37.22145061728395,100.1550925925926,64.50154320987654,0.9127113420722982,1.4631262530015459,unripe
stereo20190405_135700_p0_snap_155.jpg,57.76402777777778,65.37902777777778,46.20909722222222,45.07222222222222,93.42236111111112,66.09555555555555,0.8835252053435951,1.2500572127478526,unripe
stereo20190405_133623_p2_snap_008.jpg,43.99149659863946,49.31703514739229,29.706774376417233,38.261054421768705,104.70238095238095,49.400510204081634,0.8920140382937272,1.4808568992597584,unripe
stereo20190405_133623_p2_snap_008.jpg,63.17036235803137,53.09288804759329,31.895619253650622,24.259329367225526,129.69699837750136,64.4875608436993,1.1898081415974784,1.98053350368691,semi-ripe
stereo20190405_133623_p2_snap_008.jpg,70.72204081632653,75.47734693877551,54.79571428571428,37.07,74.67122448979592,75.95836734693877,0.9369967853232284,1.2906488916465397,unripe
stereo20190405_133623_p2_snap_008.jpg,58.88935157644259,64.66790600832837,44.03732897085069,39.85232004759072,86.2616002379536,64.78866745984533,0.9106424825698484,1.3372595382164845,unripe
stereo20190405_133623_p2_snap_008.jpg,79.97278405710887,59.792980368828076,43.5843248066627,20.8109756097561,122.34161213563355,81.05874479476502,1.3374943043290428,1.8348974330309955,fully-ripe
stereo20190405_133623_p2_snap_008.jpg,80.85623150887574,85.09301035502959,63.657636834319526,42.31878698224852,73.3749075443787,85.77977071005917,0.9502099134749606,1.2701731139908237,unripe
stereo20190405_133623_p2_snap_008.jpg,50.90547520661157,56.945247933884296,36.14772727272727,38.80578512396694,98.42936466942149,57.113119834710744,0.8939370380184218,1.4082617349611728,unripe
stereo20190405_133623_p2_snap_008.jpg,69.67084775086505,50.308120674740486,30.540170847750865,18.976373269896193,143.51448961937717,70.68668901384083,1.384882459682536,2.281284714658,fully-ripe
stereo20190405_133623_p2_snap_070.jpg,69.1990504017531,59.14810080350621,28.512783053323595,26.337107377647918,150.46018991964937,72.10409057706354,1.169928328423485,2.4269474503020287,semi-ripe
stereo20190405_133623_p2_snap_070.jpg,57.28061224489796,60.878826530612244,25.950892857142858,34.02168367346939,150.62547831632654,63.20264668367347,0.9408953178021896,2.207268570200507,semi-ripe
stereo20190405_133623_p2_snap_070.jpg,70.30286428296809,91.86774317570165,42.818627450980394,44.806612841214914,135.51268742791234,91.86774317570165,0.7652616054352648,1.6418753250486349,unripe
stereo20190405_133623_p2_snap_070.jpg,121.26921138825901,153.45930964978584,77.8339632149156,44.51984126984127,124.05007558578987,153.47883597883597,0.7902368631961301,1.5580498640794012,unripe
stereo20190405_133623_p2_snap_070.jpg,128.3144140625,154.8937890625,76.644296875,42.7116015625,125.5226171875,154.937578125,0.8284025237880881,1.6741545366411796,unripe
stereo20190405_133623_p2_snap_117.jpg,72.8897684310019,76.93879962192817,59.514177693761816,40.56474480151229,65.57608695652173,77.65949905482042,0.9473732280129759,1.2247460858588193,unripe
stereo20190405_133623_p2_snap_117.jpg,62.11224489795919,66.5234693877551,46.188979591836734,38.45755102040816,84.12714285714286,67.07244897959184,0.9336890594058752,1.3447413647025668,unripe
stereo20190405_133623_p2_snap_117.jpg,62.33877551020408,62.513061224489796,41.83714285714286,32.03591836734694,92.78775510204082,64.04816326530612,0.9972118516836294,1.4900338874173884,unripe
stereo20190405_133623_p2_snap_117.jpg,52.88920454545455,51.553848140495866,32.47598140495868,30.182463842975206,104.25503615702479,54.223269628099175,1.0259019684098047,1.6285632018420542,semi-ripe
stereo20190405_133623_p2_snap_117.jpg,44.23407202216067,50.954813019390585,29.534972299168974,39.713815789473685,111.54674515235457,51.19563711911357,0.8681037319142022,1.4976840539161347,unripe
stereo20190405_133623_p2_snap_117.jpg,67.97620464009518,75.13161808447353,53.24375371802498,43.61957168352171,79.50788221296847,75.4735276621059,0.9047615015565319,1.2766979622269399,unripe
stereo20190405_133623_p2_snap_117.jpg,74.85763888888889,79.91729166666667,56.970625,38.639722222222225,77.11458333333333,80.3075,0.9366887686113136,1.3139688348021552,unripe
stereo20190405_133623_p2_snap_117.jpg,76.37799193751574,81.43682287729906,56.01347946586042,36.5981355505165,84.36507936507937,82.04182413706224,0.9378801856476235,1.3635642532870096,unripe
stereo20190405_133623_p2_snap_117.jpg,102.5406008328376,79.44586555621653,64.069750148721,24.868084473527663,100.95850684116597,103.3575252825699,1.290697599024874,1.6004523911876167,fully-ripe
stereo20190405_133623_p2_snap_117.jpg,83.51026174895895,59.433075550267695,42.44527067221892,19.80547293277811,123.87016656751933,84.08209399167163,1.4051140198387833,1.967480493152156,fully-ripe
stereo20190405_133623_p2_snap_117.jpg,78.40487603305785,80.33132231404959,55.97223140495868,32.786694214876036,83.61421487603306,81.7393388429752,0.9760186190680816,1.4007814242384766,unripe
stereo20190405_133623_p2_snap_117.jpg,68.35833333333333,69.40909722222223,46.06868055555555,32.06472222222222,89.1061111111111,70.36270833333333,0.9848611525066198,1.4838349540432034,unripe
stereo20190405_133623_p2_snap_117.jpg,57.89490997229917,56.33673822714682,36.35093490304709,33.862880886426595,99.53029778393352,59.75103878116344,1.02765799933766,1.5926658887881113,unripe
stereo20190405_133623_p2_snap_117.jpg,63.709750566893426,67.74571680524062,44.629881582262534,35.38259007306626,94.2761400856639,68.4241622574956,0.940424637409972,1.4275130032404981,unripe
stereo20190405_133623_p2_snap_117.jpg,65.13115776909723,58.46034071180556,37.005588107638886,27.735270182291668,110.41541883680556,66.97488064236111,1.1141082285013484,1.7600352676275894,semi-ripe
stereo20190405_133623_p0_snap_136.jpg,73.30532598714417,87.8783287419651,66.15036730945822,51.97314049586777,69.4178145087236,87.88383838383838,0.8341683176600403,1.1081618725198554,unripe
stereo20190405_133623_p0_snap_136.jpg,97.53696051423324,109.29545454545455,77.20156106519742,40.780532598714416,76.53122130394857,109.30762167125803,0.8924154439516463,1.2634064199530655,unripe
stereo20190405_133623_p0_snap_136.jpg,86.61662075298439,100.19146005509641,75.16965105601469,48.686868686868685,71.03994490358127,100.25596877869606,0.8645109279797265,1.1522816457618412,unripe
stereo20190405_133623_p0_snap_136.jpg,96.19189049586777,109.13597623966942,95.51510847107438,59.28719008264463,57.22598140495868,113.18091425619835,0.8813947975384067,1.0070854963656704,unripe
stereo20190405_133623_p0_snap_136.jpg,45.72790642722117,52.24267485822306,36.099716446124766,44.58849243856333,103.39378544423441,53.78071833648393,0.8752977866914422,1.2667106077788566,unripe
stereo20190405_133623_p0_snap_136.jpg,37.15774084333641,42.720067713142505,25.04147429978455,40.10718682671591,111.45306248076331,43.57440751000308,0.8697957221155783,1.4838473789533357,unripe
stereo20190405_133623_p0_snap_136.jpg,51.428741349480966,47.568771626297575,32.952043685121104,30.5655276816609,119.14797794117646,55.178579152249135,1.0811448094993772,1.5607142984445508,semi-ripe
stereo20190405_133623_p0_snap_136.jpg,80.05281190926276,93.9500236294896,71.42852079395085,52.02114839319471,73.18998109640832,94.57419659735349,0.8520785870600827,1.1207400043015063,unripe
stereo20190405_133623_p0_snap_136.jpg,84.87121928166351,87.72365311909263,62.808719281663514,33.97282608695652,81.84711720226844,91.07124291115312,0.9674837582471143,1.351264708780551,unripe
stereo20190405_133623_p0_snap_136.jpg,87.09758979206049,95.671786389414,69.55824669187146,40.13504253308128,76.22270793950851,97.59168241965973,0.9103789526178246,1.252153143772487,unripe
stereo20190405_133623_p0_snap_136.jpg,45.20852570021545,36.11164973838104,23.0142351492767,24.013234841489687,126.42220683287165,46.844952293013236,1.2519093840532027,1.9643714319970336,fully-ripe
stereo20190405_133623_p0_snap_136.jpg,49.949781910009186,57.26693067033976,39.24713039485767,44.07747933884298,90.04809458218548,58.46039944903581,0.872227175492887,1.2726986324984282,unripe
stereo20190405_133623_p0_snap_136.jpg,39.07848324514991,46.31620055429579,28.25774754346183,42.08585285966238,105.03514739229026,47.056374401612494,0.8437323083532232,1.382929384437009,unripe
stereo20190406_065607_p0_snap_423.jpg,33.227394408090426,29.460588935157645,17.06826293872695,26.37819750148721,131.0059488399762,34.72308149910767,1.1278587540335974,1.9467344193154623,semi-ripe
stereo20190406_065607_p0_snap_423.jpg,26.708060678167758,33.31067816775729,19.46534800713861,45.65541344437835,115.28718024985127,33.3139500297442,0.8017865179987343,1.3720816574949715,unripe
stereo20190406_065607_p0_snap_423.jpg,39.72265585144373,44.1346291194776,29.6307519640853,40.2545403530252,96.3699112335476,44.882409958167536,0.9000335483407915,1.3405884026739023,unripe
stereo20190406_065607_p0_snap_423.jpg,48.90898274836407,48.499851279000595,31.234681737061273,32.095776323616896,101.9767995240928,50.797144556811425,1.0084355183411753,1.5658545043468928,unripe
stereo20190406_065607_p0_snap_423.jpg,54.85380725758477,58.674301011302795,41.381766805472935,36.569601427721594,78.77468768590126,59.26338488994646,0.9348862613319471,1.325554664204996,unripe
stereo20190406_065607_p0_snap_423.jpg,58.26219512195122,44.12358715050565,25.738845925044615,21.866448542534204,137.98973825104105,59.24092801903629,1.3204316711354878,2.2635891545303886,fully-ripe
stereo20190406_065607_p0_snap_423.jpg,40.366127077562325,44.54284972299169,30.756146121883656,39.704423476454295,88.12010907202216,44.87508656509695,0.9062311519421044,1.312456827101387,unripe
stereo20190406_065607_p0_snap_423.jpg,39.92397923875433,46.14660899653979,29.227993079584774,42.561937716262975,105.13920415224914,46.252768166089965,0.8651550234210645,1.3659496042218668,unripe
stereo20190405_133623_p1_snap_114.jpg,71.13429752066116,61.15809917355372,36.222727272727276,26.810330578512396,129.1205785123967,73.79545454545455,1.163121268494373,1.9638023759794485,semi-ripe
stereo20190405_133623_p1_snap_114.jpg,62.7028,68.3724,34.9288,35.4179,127.3819,69.4432,0.9170775170862048,1.7951599267195186,unripe
stereo20190405_135700_p1_snap_093.jpg,40.039819944598335,31.897160664819946,16.933518005540165,22.45360110803324,149.8663434903047,40.62396121883656,1.2552781049248072,2.364529112391609,fully-ripe
stereo20190405_135700_p1_snap_093.jpg,35.18440082644628,42.530087809917354,24.34400826446281,42.38597623966942,113.9584194214876,42.530087809917354,0.8272823867863719,1.445299639698684,unripe
stereo20190405_135700_p1_snap_093.jpg,35.95576388888889,42.779444444444444,24.813472222222224,41.16770833333333,109.87666666666667,42.78277777777778,0.8404914077523559,1.4490414350907979,unripe
stereo20190405_135700_p1_snap_093.jpg,46.22281804733728,54.773576183431956,32.41910133136095,41.40680473372781,107.25822855029585,54.88063979289941,0.8438888389111696,1.4257891764794666,unripe
stereo20190405_135700_p1_snap_093.jpg,64.69711538461539,70.85613905325444,43.842270710059175,38.18149038461539,103.2610022189349,70.90514053254438,0.9130769347342033,1.4756785992151014,unripe
stereo20190405_135700_p1_snap_093.jpg,53.16597222222222,60.048680555555556,36.09395833333333,38.81930555555556,108.95569444444445,60.35819444444444,0.8853810421233812,1.4729877228025001,unripe
stereo20190405_135700_p1_snap_093.jpg,27.15538434903047,32.23446156509695,16.929622576177284,40.0356648199446,130.05436288088643,32.24692693905817,0.8424330547560132,1.6040149853720076,unripe
stereo20190405_135700_p1_snap_093.jpg,36.96659722222222,35.719027777777775,18.80472222222222,29.987222222222222,134.79909722222223,38.11236111111111,1.0349270171331602,1.9658135401969445,semi-ripe
stereo20190405_135700_p1_snap_093.jpg,37.575929752066116,42.76730371900826,23.886105371900825,38.12435433884298,117.65767045454545,42.83819731404959,0.8786132792662449,1.5731285379400675,unripe
stereo20190405_135700_p1_snap_093.jpg,51.2395525147929,56.42030325443787,32.83718565088758,35.85734097633136,113.31370192307692,57.548169378698226,0.9081756119240003,1.5604119505073482,unripe
stereo20190405_135700_p1_snap_093.jpg,47.40560281065089,51.606878698224854,29.562222633136095,35.583949704142015,116.11066937869822,52.1667899408284,0.9185905991709499,1.6035866911321945,unripe
stereo20190405_135700_p1_snap_093.jpg,49.09726331360947,55.29243713017752,30.80612056213018,36.961723372781066,117.80741494082841,55.532636834319526,0.8879560566024063,1.5937497640149745,unripe
stereo20190405_135104_p0_snap_034.jpg,48.95447074293228,39.28320184089415,21.89266929651545,23.989809335963184,148.72172912557528,50.98849441157134,1.2461931814844698,2.2361114452868325,fully-ripe
stereo20190405_135104_p0_snap_034.jpg,59.70655517108804,58.499807766243755,35.65801614763552,31.83477508650519,124.49769319492503,63.968762014609766,1.0206280540849926,1.674421206711891,fully-ripe
stereo20190405_135104_p0_snap_034.jpg,70.82560296846012,61.358576488446616,34.552833530106255,25.589939281497724,141.00004216562658,73.31767583066285,1.1542900027821872,2.0497763926939623,semi-ripe
stereo20190405_135104_p0_snap_034.jpg,62.4800144910035,60.05687718874532,34.8604939017027,30.442156744354545,130.08588938533993,66.21135732399469,1.0403472010569386,1.792286613732849,semi-ripe
stereo20190405_135104_p0_snap_034.jpg,21.0148828125,23.4327734375,11.8825,36.8975,136.443203125,24.7273046875,0.8968154751462185,1.7685558701402315,semi-ripe
stereo20190405_135104_p0_snap_034.jpg,40.928346893491124,50.75610207100592,25.31092825443787,41.45025887573964,134.2030325443787,50.772559171597635,0.8063727741051931,1.617022114394159,unripe
stereo20190405_135104_p0_snap_034.jpg,39.83755547337278,49.108080621301774,24.618528106508876,41.49953772189349,130.80528846153845,49.11344304733728,0.811221836755598,1.6181933834178466,unripe
stereo20190405_135104_p0_snap_034.jpg,24.184773199445985,29.473208102493075,12.671225761772853,39.81773718836565,147.05354051246536,29.491776315789473,0.8205677817516727,1.9086357206301603,unripe
stereo20190405_133623_p0_snap_046.jpg,148.61602079395084,164.7530718336484,114.33069470699432,41.11802930056711,88.61897448015122,166.1680056710775,0.9020530550318252,1.2998784637497216,unripe
stereo20190405_133623_p0_snap_046.jpg,37.04373150887574,44.66105769230769,22.699889053254438,40.99260355029586,130.15902366863907,44.91235207100592,0.8294412431894469,1.6318897023273262,unripe
stereo20190405_133623_p0_snap_046.jpg,45.22355769230769,39.858542899408285,20.585706360946745,24.42501849112426,145.54964866863907,46.80408653846154,1.1346010931816606,2.196841581772763,semi-ripe
stereo20190405_133623_p0_snap_046.jpg,92.89152777777778,71.80659722222222,47.36951388888889,21.045555555555556,142.300625,96.74361111111111,1.2936348251394663,1.960997708055213,fully-ripe
stereo20190405_133623_p0_snap_046.jpg,84.67560553633218,91.51324610726644,76.8084991349481,52.74264705882353,93.3624026816609,99.63705666089966,0.9252824032081257,1.102424802798373,unripe
stereo20190405_133623_p1_snap_162.jpg,45.07432432432432,53.85756026296567,27.299853907962017,40.25219138056976,127.49050401753104,53.85756026296567,0.8369171521151779,1.6510823818128404,unripe
stereo20190405_133623_p1_snap_162.jpg,45.136230825420014,54.862308254200144,28.612673484295104,41.205624543462385,122.7200511322133,54.86267348429511,0.8227182565688331,1.5774903060104215,unripe
stereo20190405_133623_p1_snap_162.jpg,68.0171696149844,82.4700832466181,46.83012486992716,42.7585848074922,114.15088449531737,82.50390218522372,0.8247495175200813,1.4524230990131715,unripe
stereo20190405_133623_p1_snap_162.jpg,71.3214179548157,83.0514268727705,45.984913793103445,38.58501783590963,113.47896848989298,83.2941438763377,0.8587619990738456,1.5509739295362728,unripe
stereo20190405_133623_p1_snap_162.jpg,60.9491965973535,71.6226370510397,41.35905009451796,40.66965973534972,110.19872400756144,71.72353497164461,0.8509765989788105,1.4736600990947606,unripe
stereo20190405_133623_p1_snap_162.jpg,50.73318216175359,47.717624086671705,25.64090450995213,28.748929201310155,134.10059208868734,53.65532879818594,1.0631956745718911,1.9786026797937446,semi-ripe
stereo20190405_133623_p1_snap_162.jpg,66.13464506172839,78.32523148148148,43.2494212962963,40.30343364197531,116.34510030864197,78.35204475308642,0.8443592871317821,1.529144848371495,unripe
stereo20190405_133623_p1_snap_162.jpg,63.157174556213015,75.90412352071006,39.22540680473373,40.56850961538461,124.97568417159763,75.94489644970415,0.8320650223743203,1.6101084373586871,unripe
stereo20190405_133623_p1_snap_162.jpg,81.68074845679013,58.467206790123456,34.782407407407405,17.636188271604937,151.49594907407408,82.58082561728395,1.3970350042485347,2.348334432884905,fully-ripe
stereo20190405_133623_p1_snap_162.jpg,49.485574063057705,60.50550267697799,31.938875669244496,41.545508625817966,126.84042236763831,60.681439619274244,0.8178688498558362,1.5493832369583818,unripe
stereo20190405_133623_p1_snap_162.jpg,63.5066,77.2591,41.2253,41.8535,123.9444,77.3539,0.8219949725022718,1.5404759842921738,unripe
stereo20190405_133623_p1_snap_162.jpg,77.57941701368233,91.1600237953599,53.39619274241523,40.89425936942296,108.35127900059489,91.20300416418799,0.851024443319493,1.4529013867882627,unripe
stereo20190405_133623_p1_snap_162.jpg,71.6538,87.0766,46.1216,41.0928,121.8351,87.0944,0.8228822872181175,1.5535841008152143,unripe
stereo20190405_133623_p1_snap_162.jpg,53.955681142177276,63.7470255800119,36.42296252230815,40.9854253420583,113.29045211183819,63.75446162998215,0.8464029840957069,1.4813640240134378,unripe
stereo20190406_054921_p0_snap_680.jpg,31.81116150163769,23.602796674225246,14.870874275636181,20.091017888636937,137.881960191484,32.45830183925422,1.3477702859963743,2.1391573568866873,fully-ripe
stereo20190406_054921_p0_snap_680.jpg,47.7395402892562,41.21371384297521,32.64475723140496,30.58354855371901,92.48979855371901,49.1275826446281,1.1583408592522342,1.4623948748309574,semi-ripe
stereo20190406_054921_p0_snap_680.jpg,47.03551136363637,50.19576446280992,40.45712809917355,44.83044938016529,59.561337809917354,50.60227272727273,0.9370412523166667,1.1626010532019613,unripe
stereo20190406_054921_p0_snap_680.jpg,43.53375966686496,28.94824509220702,19.51829268292683,13.552795954788817,144.87299226650802,43.582540154669836,1.5038474522281107,2.2304070376439586,fully-ripe
stereo20190406_054921_p0_snap_680.jpg,38.5289,40.8655,29.3226,36.7425,74.8694,40.9395,0.9428219542592274,1.3139655712775908,unripe
stereo20190406_054921_p0_snap_680.jpg,34.1622,35.4363,22.6881,32.922,97.6576,35.6158,0.9640450712842278,1.505731416147048,unripe
stereo20190406_054921_p0_snap_680.jpg,45.880020775623265,48.13006405817175,35.97212603878116,38.78280817174515,72.5112101800554,48.57154605263158,0.9532505751013599,1.2754322046975615,unripe
stereo20190405_133623_p2_snap_145.jpg,108.83333333333333,134.265873015873,74.53823381204333,44.9018644494835,120.86652809271857,134.56632653061226,0.8105806991971816,1.4601005841748695,unripe
stereo20190405_133623_p2_snap_145.jpg,79.86611570247933,71.15239669421487,36.762148760330575,26.24512396694215,145.64173553719007,83.09438016528925,1.1224654149186064,2.1725088622559756,semi-ripe
stereo20190405_133623_p2_snap_145.jpg,79.57371900826446,92.45628099173554,42.713388429752065,38.01338842975207,139.1295041322314,93.06842975206611,0.8606631106949485,1.862968575051085,unripe
stereo20190405_133623_p2_snap_145.jpg,93.46623961218836,62.9106648199446,31.235457063711912,17.515235457063714,168.07236842105263,94.26662049861496,1.4856976161787525,2.992311253791803,semi-ripe
stereo20190405_133623_p2_snap_145.jpg,78.4253808864266,74.21381578947368,34.39698753462604,30.690962603878116,154.0332409972299,88.27458448753463,1.056748928547358,2.280006585094498,unripe
stereo20190405_133623_p2_snap_145.jpg,58.98111243307555,69.86466389054135,31.789708506841166,38.96653777513385,139.07956573468175,69.88578227245686,0.8442193908395345,1.855351830824887,unripe
stereo20190405_133623_p2_snap_145.jpg,97.74375371802499,120.55190362879239,55.43248066627008,40.71267102914931,139.07212968471148,120.55190362879239,0.8108021745635737,1.7632935584022158,unripe
stereo20190405_133623_p2_snap_145.jpg,88.74345627602618,115.36972040452112,58.88057703747769,45.393515764425935,124.24866151100535,115.36972040452112,0.7692091848083966,1.5071768258618188,unripe
stereo20190405_133623_p2_snap_145.jpg,67.88786436644854,87.8138013087448,40.93991671624033,43.452558001189765,135.90541344437835,87.8138013087448,0.7730886902034285,1.6582312136752875,unripe
stereo20190405_133623_p2_snap_145.jpg,61.016656751933375,56.232748364069,30.082391433670434,30.169690660321237,139.17400356930398,66.22903033908388,1.0850731589030698,2.028317349812341,semi-ripe
stereo20190405_133623_p1_snap_053.jpg,103.71875,132.86918904958677,77.8100464876033,46.357308884297524,107.73631198347107,132.87112603305786,0.780607926757293,1.3329735857025689,unripe
stereo20190405_133623_p1_snap_053.jpg,92.51716049382716,124.68,60.02777777777778,47.21345679012346,129.70975308641977,124.68185185185185,0.742036838895242,1.5412388815047573,unripe
stereo20190405_133623_p1_snap_053.jpg,71.0461956521739,97.51878544423441,45.212783553875234,46.62594517958412,135.81864366729678,97.51878544423441,0.7285384866428265,1.5713737211905692,unripe
stereo20190405_133623_p1_snap_053.jpg,130.25167965600644,160.83929051330287,94.29723192690138,45.027949475947324,108.40217683418436,160.9777613544746,0.8098249572108369,1.381288328209819,unripe
stereo20190405_133623_p1_snap_053.jpg,182.42139209889814,206.39780972856758,144.09587476484816,41.8882020962107,81.83868583714056,206.55751142166085,0.8838339103523444,1.2659722544928596,unripe
stereo20190405_133623_p1_snap_053.jpg,98.9161,128.7976,57.9288,43.304,140.8712,128.8044,0.7679963937219022,1.7075458653474842,unripe
stereo20190405_133623_p1_snap_053.jpg,82.95806067816775,110.21073765615705,54.350386674598454,45.06454491374182,132.3399762046401,110.21073765615705,0.752722056990176,1.5263561216461103,unripe
stereo20190405_133623_p1_snap_053.jpg,89.6877,96.3595,45.8394,36.6764,139.8512,101.3434,0.930761270994425,1.9565631407559565,fully-ripe
stereo20190406_065607_p0_snap_039.jpg,42.49898298816568,48.84865014792899,31.863350591715978,40.35595414201183,91.36566198224853,48.92964127218935,0.8700132789612958,1.3337884704859038,unripe
stereo20190406_065607_p0_snap_039.jpg,38.83700073964497,42.04511834319526,28.500462278106507,33.63322855029586,86.2030325443787,42.989644970414204,0.9236979947506925,1.3626791991611584,unripe
stereo20190406_065607_p0_snap_039.jpg,41.76932322485207,46.997503698224854,31.433616863905325,41.13581730769231,90.58191568047337,47.6039201183432,0.8887560200111126,1.3288101753480774,unripe
stereo20190406_065607_p0_snap_039.jpg,35.46491992325163,24.143457788393768,16.225688190148016,19.411895998120446,146.4891974704362,36.293112224919724,1.4689240267423516,2.1857253541659833,fully-ripe
stereo20190406_065607_p0_snap_039.jpg,57.23423557406306,60.4418500892326,35.281231409875076,33.76323616894705,109.29535990481855,60.77587745389649,0.9469304136167548,1.6222285069040518,unripe
stereo20190406_065607_p0_snap_039.jpg,52.0755,57.9363,37.4373,39.2319,91.9008,57.9571,0.8988404680933251,1.3910053900774386,unripe
stereo20190406_065607_p0_snap_039.jpg,26.89823684575871,28.154507381183766,17.905409782960803,36.138217872182885,113.88184321347586,29.70175621268916,0.9553790775946792,1.5022399458825129,unripe
stereo20190405_135700_p0_snap_107.jpg,84.32166666666667,60.43833333333333,42.78,13.6325,125.77944444444445,84.34305555555555,1.3951683983396193,1.9710529910270396,semi-ripe
stereo20190405_135700_p0_snap_107.jpg,52.3325,54.19541666666667,35.526041666666664,32.881458333333335,94.07048611111111,55.006458333333335,0.9656257588278666,1.4730739146310048,unripe
stereo20190405_135700_p0_snap_107.jpg,66.02501731301939,55.26804882271468,36.50558344875346,22.677328601108034,113.92663608033241,66.3803237534626,1.19463246438255,1.8086274204994168,semi-ripe
stereo20190405_135700_p0_snap_107.jpg,81.53064767573696,62.84300595238095,48.66262755102041,30.136798469387756,116.62825963718821,83.41989087301587,1.2973700647581345,1.6754259896055992,semi-ripe
stereo20190405_135700_p0_snap_107.jpg,54.89756944444444,60.9984764739229,38.25092120181406,39.33078231292517,97.45365646258503,61.113166099773245,0.8999824851049931,1.4351956336644927,unripe
stereo20190405_133623_p2_snap_123.jpg,68.90816326530613,53.86714285714286,40.65489795918367,28.268571428571427,108.5661224489796,71.58326530612244,1.2792241581442485,1.6949531243432623,fully-ripe
stereo20190405_133623_p2_snap_123.jpg,79.14673469387755,81.27020408163266,60.600204081632654,37.54673469387755,78.86795918367346,83.37346938775511,0.9738713695816998,1.30604711374883,unripe
stereo20190405_133623_p2_snap_123.jpg,59.02903106508876,65.1516272189349,42.41586538461539,37.889792899408285,91.31176035502959,65.87768121301775,0.9060252909182956,1.3916730594342304,unripe
stereo20190405_133623_p2_snap_123.jpg,56.730630165289256,61.184788223140494,39.294938016528924,35.05049070247934,93.97236570247934,62.1380423553719,0.9272013933656049,1.4437130732791967,unripe
stereo20190405_133623_p2_snap_123.jpg,61.295524691358025,67.98148148148148,47.282986111111114,40.357638888888886,80.33179012345678,68.06500771604938,0.9016501897145821,1.2963544980804227,unripe
stereo20190405_133623_p2_snap_123.jpg,63.18698347107438,62.214230371900825,38.62784090909091,30.738765495867767,101.2736311983471,64.5625,1.0156353769387643,1.6357882197428586,unripe
stereo20190405_133623_p2_snap_123.jpg,87.89774408284023,82.37906804733728,55.442215236686394,27.247133875739646,103.18491124260355,90.2546227810651,1.0669911118977535,1.5853935102279744,unripe
stereo20190405_133623_p2_snap_123.jpg,54.75568181818182,56.41128615702479,33.78757747933884,33.15340909090909,109.31986053719008,57.656637396694215,0.9706510140409741,1.6205857210629493,semi-ripe
stereo20190405_133623_p2_snap_123.jpg,74.640625,68.46797839506173,44.73090277777778,28.12326388888889,105.26369598765432,77.79783950617283,1.0901536141141173,1.6686586605288614,unripe
stereo20190405_133623_p2_snap_123.jpg,68.35493827160494,69.60898919753086,50.09355709876543,38.73167438271605,87.31018518518519,71.31655092592592,0.9819842126681457,1.364545234657277,unripe
stereo20190405_133623_p2_snap_123.jpg,71.33564814814815,72.45756172839506,52.14949845679013,34.264081790123456,82.48379629629629,75.16994598765432,0.9845161305646233,1.3679064340032123,unripe
stereo20190405_133623_p2_snap_123.jpg,98.07060185185185,64.21778549382717,42.7133487654321,12.847222222222221,141.28260030864197,98.08101851851852,1.5271561581599096,2.296017093631614,fully-ripe
stereo20190405_133623_p2_snap_123.jpg,78.86732618343196,81.90264423076923,56.078125,33.8644600591716,85.70571375739645,83.23816568047337,0.9629398085343496,1.4063828296613636,unripe
stereo20190405_133623_p2_snap_123.jpg,65.98794333910034,67.12932525951557,46.70685553633218,33.765841262975776,84.5162197231834,69.51384083044982,0.9829971216607059,1.4128103562798462,unripe
stereo20190405_133623_p2_snap_123.jpg,85.22864275147928,77.15661982248521,53.02181952662722,25.49741124260355,97.47457470414201,86.57978920118343,1.1046185265940907,1.6074255360931673,semi-ripe
stereo20190405_133623_p2_snap_123.jpg,75.47104166666666,78.09256944444445,56.72208333333333,34.81229166666667,73.61298611111111,79.13631944444444,0.9664303856214307,1.3305404866346022,unripe
stereo20190405_133623_p2_snap_123.jpg,99.17766203703704,57.632716049382715,39.65181327160494,11.758873456790123,148.34201388888889,99.34452160493827,1.7208566874323532,2.5012131562701465,fully-ripe
stereo20190405_133623_p2_snap_123.jpg,63.744730029585796,48.859744822485204,32.234097633136095,22.065273668639055,128.9060650887574,65.22087647928994,1.3046469484175662,1.977555288797799,fully-ripe
stereo20190405_133623_p2_snap_123.jpg,68.6976701183432,74.59097633136095,49.27117233727811,38.62379807692308,90.0154400887574,74.83478180473372,0.9209915768262207,1.3942768746259044,unripe
stereo20190405_133623_p2_snap_112.jpg,56.84297091412743,60.77925900277008,37.58569944598338,34.40910664819945,102.76939058171745,62.507617728531855,0.9352361725761582,1.5123559393183672,unripe
stereo20190405_133623_p2_snap_112.jpg,76.90702908587258,77.29813019390582,52.832583102493075,32.69165512465374,87.44494459833795,79.32392659279779,0.9949402261548321,1.4556739423460832,semi-ripe
stereo20190405_133623_p2_snap_112.jpg,77.53926234384295,60.860053539559786,38.11867935752528,22.25148720999405,123.48096371207615,78.60380725758478,1.2740581891348417,2.034153420559182,fully-ripe
stereo20190405_133623_p2_snap_112.jpg,72.12367998163452,77.72836317722681,47.625918273645546,35.43818870523416,102.71160468319559,79.06192607897154,0.9278938569470231,1.5143784613967333,unripe
stereo20190405_133623_p2_snap_112.jpg,77.77588772069033,65.56303312834756,38.59591350922436,26.43042055147788,134.41445149771872,82.48879190636778,1.1862763534089573,2.0151321862295126,fully-ripe
stereo20190405_133623_p2_snap_112.jpg,72.3622159090909,74.78292871900827,48.82838326446281,36.431430785123965,110.6326188016529,80.2683367768595,0.9676300122543584,1.4819700397914988,unripe
stereo20190405_133623_p2_snap_112.jpg,85.29982153480071,63.40214158239144,40.48512790005949,21.81276026174896,135.97858417608566,86.72724568709101,1.345377395023466,2.1069416076924212,fully-ripe
stereo20190405_133623_p2_snap_112.jpg,72.59712105445716,64.34871083362239,35.7712452306625,27.563128685397157,129.4020117932709,75.10099433460516,1.1281828156640676,2.029482068390716,semi-ripe
stereo20190405_133623_p2_snap_112.jpg,81.3875,87.79104166666667,57.284444444444446,38.02097222222222,99.11472222222223,89.49881944444445,0.9270591757918532,1.4207606721458985,unripe
stereo20190405_133623_p2_snap_112.jpg,63.61841425619835,66.84013429752066,38.51704545454545,35.08638946280992,116.58522727272727,70.47469008264463,0.9517994750732185,1.6516946455389192,unripe
stereo20190405_133623_p2_snap_112.jpg,94.86997922437673,58.50086565096953,35.81007617728532,15.506059556786704,154.96883656509695,95.47229916897507,1.6216847725561259,2.6492530276163833,fully-ripe
stereo20190405_133623_p2_snap_112.jpg,72.31189913982122,53.7953280485748,30.771715297689322,22.965803676842636,140.3267836060044,73.7713358070501,1.3442038244006718,2.3499462067943,semi-ripe
stereo20190405_133623_p2_snap_112.jpg,63.97443389335281,59.45685719503287,31.655633674214755,28.259222059897734,130.05346055514974,65.268261504748,1.075980570646301,2.0209487619884814,semi-ripe
stereo20190405_133623_p2_snap_112.jpg,47.2291280148423,55.369033563838755,33.38543599257885,41.24590993422162,104.45344914825435,55.369623882610895,0.8529879689973082,1.4146621861915734,unripe
stereo20190406_065607_p0_snap_137.jpg,16.69536332179931,21.895294117647058,9.704740484429065,42.425259515570936,172.78062283737023,21.9059169550173,0.7625088572459366,1.7203289614283686,unripe
stereo20190406_065607_p0_snap_137.jpg,28.62465373961219,34.74671052631579,14.528220221606649,38.587084487534625,159.73320637119113,36.265581717451525,0.8238087884562518,1.9702780932698247,unripe
stereo20190406_065607_p0_snap_137.jpg,38.10456049149338,49.16457939508506,20.9617202268431,41.717155009451794,149.8423913043478,49.58943761814745,0.775040755151769,1.817815613460075,unripe
stereo20190406_065607_p0_snap_137.jpg,21.0465234375,28.861796875,11.9540234375,43.88546875,159.9475,28.8647265625,0.7292171113420632,1.7606210947575827,unripe
stereo20190406_065607_p0_snap_137.jpg,57.310249307479225,42.202216066481995,17.134695290858726,20.74428670360111,178.84054709141273,58.05107340720222,1.357991145234786,3.344688358197438,fully-ripe
stereo20190406_065607_p0_snap_137.jpg,19.811413454270596,22.20697908793147,12.113252708490803,33.46485260770975,163.57338120433357,23.589506172839506,0.8921251492412916,1.6355142236272782,semi-ripe
stereo20190406_065607_p0_snap_137.jpg,26.315129755605945,33.34964726631393,20.455845301083396,44.380763416477706,156.31034265558074,33.44349962207105,0.7890674721322106,1.2864350753503926,unripe
stereo20190406_065607_p0_snap_137.jpg,29.7037,31.3584,11.7897,35.4981,169.6918,32.6446,0.9472323373538392,2.519459766185937,semi-ripe
stereo20190406_065607_p0_snap_137.jpg,28.44861928474423,30.190923494794024,13.040657537347215,33.128253734721596,162.2099366229063,31.375339520144863,0.942290151102806,2.181530907315145,semi-ripe
stereo20190406_065607_p0_snap_137.jpg,47.547441998810235,32.0551754907793,12.758923259964307,20.1162998215348,186.42608566329565,48.46653777513385,1.4832995432981442,3.7266001028477245,fully-ripe
stereo20190406_065607_p0_snap_137.jpg,51.023497917906006,41.598453301606185,17.021415823914335,24.255948839976206,171.18545508625817,52.12864366448542,1.226571701650717,2.9976042222162316,fully-ripe
stereo20190406_065607_p0_snap_137.jpg,34.930398572278406,41.604253420582985,15.03346222486615,38.88756692444973,171.54015466983938,41.604253420582985,0.8395869966297059,2.323508371838523,unripe
stereo20190406_065607_p0_snap_137.jpg,28.9011005353956,37.80577037477692,14.04417013682332,41.317668054729324,166.26100535395597,37.96743010113028,0.7644624776659205,2.0578702532886193,unripe
stereo20190406_065607_p0_snap_137.jpg,34.698988697204044,43.14277215942891,16.581350386674597,40.39976204640095,159.9040749553837,43.14306960142772,0.8042825928327512,2.0926502945493817,unripe
stereo20190405_133623_p2_snap_053.jpg,40.963647959183675,34.23001700680272,25.122413548752835,31.266439909297052,128.57217261904762,44.44968820861678,1.1967167876041331,1.630561155044982,fully-ripe
stereo20190405_133623_p2_snap_053.jpg,72.40532544378698,46.13285872781065,30.97494452662722,16.20784023668639,146.10059171597632,73.1349852071006,1.569495404046666,2.337544204674931,fully-ripe
stereo20190405_133623_p2_snap_053.jpg,44.495177469135804,33.213927469135804,19.625,19.657793209876544,141.66203703703704,44.86265432098765,1.3396537977613505,2.2672690342137813,fully-ripe
stereo20190405_133623_p2_snap_053.jpg,38.46138946280992,43.025826446280995,25.96048553719008,38.2551652892562,104.63055268595042,43.125,0.8939138117821388,1.4815352583586667,unripe
stereo20190405_133623_p2_snap_053.jpg,55.99445983379501,45.71186807479224,28.551159972299168,24.06444771468144,125.0042416897507,57.22931094182825,1.2249433230938083,1.9611966825920546,fully-ripe
stereo20190405_133623_p2_snap_053.jpg,56.643676035502956,60.21662352071006,41.33247041420118,36.22050665680474,86.85863535502959,60.52736686390533,0.9406649412910426,1.3704397962054338,unripe
stereo20190405_133623_p2_snap_053.jpg,57.869082840236686,61.65061020710059,39.99639423076923,35.94313979289941,93.14681952662721,61.79419378698225,0.9386618114438957,1.4468571351151112,unripe
stereo20190405_133623_p2_snap_053.jpg,54.766527777777775,57.94347222222222,35.505763888888886,34.59118055555555,103.633125,58.77986111111111,0.9451714960405669,1.5424682179626088,unripe
stereo20190405_133623_p2_snap_053.jpg,59.834396626297575,63.63797577854671,43.9979455017301,36.2233455882353,79.86721453287197,63.976481401384085,0.9402308368859251,1.3599358411993654,unripe
stereo20190405_133623_p2_snap_075.jpg,74.14408163265306,90.62102040816326,43.54,42.12244897959184,130.43204081632652,90.62367346938775,0.8181774285582837,1.7028953744533604,unripe
stereo20190405_133623_p2_snap_075.jpg,59.991597222222225,51.71006944444444,26.904166666666665,25.615555555555556,144.07770833333333,61.813125,1.1601528728393302,2.229824683561111,semi-ripe
stereo20190405_133623_p2_snap_075.jpg,85.47791838842976,104.29610020661157,52.13507231404959,41.6145402892562,130.51691632231405,104.29610020661157,0.819569571857447,1.6395470112338308,unripe
stereo20190406_054921_p0_snap_1061.jpg,43.81128808864266,55.03583795013851,33.04016620498615,45.195983379501385,114.20723684210526,55.05972991689751,0.7960500241285444,1.3260004370688259,unripe
stereo20190406_054921_p0_snap_1061.jpg,29.232148760330578,28.634462809917355,12.294710743801653,30.220909090909092,160.34619834710745,31.244380165289257,1.0208726018593302,2.377617952410011,unripe
stereo20190406_054921_p0_snap_1061.jpg,60.54732835392129,41.88185866130422,19.10578856650388,18.57943119793163,177.40369146796897,61.1707842573973,1.445669218906237,3.1690550982816466,fully-ripe
stereo20190406_054921_p0_snap_1061.jpg,65.65743944636678,43.38073096885813,19.94301470588235,20.039359861591695,174.671875,67.05238970588235,1.513515859341833,3.2922508202580025,fully-ripe
stereo20190406_054921_p0_snap_1061.jpg,48.2128,57.8961,24.6928,38.4321,154.1376,58.1446,0.8327467942146718,1.9525035830268003,unripe
stereo20190406_054921_p0_snap_1061.jpg,44.73111243307555,54.170731707317074,26.95434265318263,39.785841760856634,129.0636525877454,54.20226055919096,0.8257430307075438,1.6595135119223106,unripe
stereo20190406_054921_p0_snap_1061.jpg,38.8236,49.5618,25.0638,43.2005,126.2411,49.5618,0.7833370088784085,1.5489903570127606,unripe
stereo20190405_133623_p3_snap_043.jpg,53.82888888888889,59.9975,41.34888888888889,39.85777777777778,84.57083333333334,60.03861111111111,0.8971853813414737,1.3018215801474118,unripe
stereo20190405_133623_p3_snap_043.jpg,80.92164273116654,65.17951625094483,47.64840010078105,21.48803224993701,108.72927689594356,81.45534139581758,1.241519344887744,1.6983073004956375,semi-ripe
stereo20190405_133623_p3_snap_043.jpg,69.31372675619835,75.14001162190083,50.73973398760331,39.29584194214876,88.54990960743801,75.33903667355372,0.9224608305941143,1.3660637856811617,unripe
stereo20190405_133623_p3_snap_043.jpg,47.74396725079,45.19814708417122,28.85478310830221,28.259982763573685,113.77520827348464,48.613114047687446,1.0563255303059766,1.6546286459788522,semi-ripe
stereo20190405_133623_p3_snap_043.jpg,76.5233,81.8686,65.8351,42.6008,55.0601,82.2542,0.9347086752785958,1.1623478718270541,unripe
stereo20190405_133623_p3_snap_043.jpg,57.62611540749554,63.83209399167163,43.060826888756694,39.13548483045806,89.24375371802499,63.93947055324212,0.9027763743306063,1.3382488490961466,unripe
stereo20190405_133623_p3_snap_043.jpg,67.47708239022182,72.99060660932548,51.377970801267544,43.177512449071976,88.41840199185151,73.66028180172023,0.9244624244152606,1.3133463273153214,unripe
stereo20190405_133623_p3_snap_043.jpg,57.00973291081937,61.90340651878678,39.31583861475781,36.319997736532365,99.97660140334993,62.61102308736985,0.9209464697884284,1.4500445728499394,unripe
stereo20190405_133623_p3_snap_043.jpg,66.44887994260205,71.55167809311224,48.095344387755105,37.75306919642857,89.53563456632654,71.70376275510205,0.9286836091991321,1.3816070343692004,unripe
stereo20190406_054921_p0_snap_186.jpg,36.26359097633136,30.78596523668639,15.655325443786982,24.80778476331361,150.03235946745562,37.47281804733728,1.177925685235968,2.3163726581612805,fully-ripe
stereo20190406_054921_p0_snap_186.jpg,29.03047520661157,35.040805785123965,15.493285123966942,39.087680785123965,145.24896694214877,35.04287190082645,0.8284760087958912,1.8737444148794176,unripe
stereo20190406_054921_p0_snap_186.jpg,44.56703032544379,42.86714127218935,20.63480029585799,29.964866863905325,144.8541050295858,46.88452292899408,1.039654584053437,2.1597984031086392,fully-ripe
stereo20190406_054921_p0_snap_186.jpg,41.25628698224852,49.37675665680474,24.59541420118343,39.447762573964496,132.02348372781066,49.553346893491124,0.8355404732959136,1.677396846046812,unripe
stereo20190406_054921_p0_snap_1066.jpg,67.76092611862643,86.98627731529656,47.33623829344433,46.182036940686785,119.37662591050989,86.98816337148803,0.7789840009266684,1.4314807058338574,unripe
stereo20190406_054921_p0_snap_1066.jpg,61.284598214285715,79.28388073979592,40.39213966836735,43.96500318877551,127.8930963010204,79.28834502551021,0.7729766746112069,1.5172403231185303,unripe
stereo20190406_054921_p0_snap_1066.jpg,81.84586797682036,99.3601033005795,50.19589317208365,41.15161249685059,137.64008566389518,99.39795918367346,0.823729616020305,1.6305288440818166,unripe
stereo20190406_054921_p0_snap_1066.jpg,71.7709194214876,63.47197830578512,26.857438016528924,26.161415289256198,164.23786157024793,73.34465392561984,1.1307495059981614,2.672291104401189,fully-ripe
stereo20190406_054921_p0_snap_1066.jpg,73.9678,47.5431,18.8108,17.0351,189.3378,74.2767,1.5558048263986093,3.9321964338590414,fully-ripe
stereo20190406_054921_p0_snap_1066.jpg,40.6401,52.5525,24.3959,42.0745,137.3083,52.5679,0.7733236718855102,1.6658571047359987,unripe
stereo20190406_054921_p0_snap_1066.jpg,53.9938,64.6151,25.3099,38.3909,157.5679,65.7724,0.8356218847263434,2.1333066771078997,unripe
stereo20190406_054921_p0_snap_1066.jpg,63.29997025580012,79.57287328970851,31.193188578227247,40.30175490779298,155.7266508030934,79.6165972635336,0.7954967526479836,2.029287573605334,unripe
stereo20190405_133623_p2_snap_021.jpg,58.82065217391305,49.13728733459357,29.841209829867676,25.286980151228732,125.83412098298676,61.27717391304348,1.1970673065997508,1.9711209028740926,fully-ripe
stereo20190405_133623_p2_snap_021.jpg,70.0393675988914,69.98809523809524,48.299697656840515,33.40413202317964,102.02324263038548,76.49722852103804,1.0007324439005996,1.4500992034259648,semi-ripe
stereo20190405_133623_p2_snap_021.jpg,65.25675207756233,69.42815096952909,42.33604570637119,34.2678324099723,103.23770775623268,71.00554016620498,0.9399176237175931,1.5413989562504704,unripe
stereo20190405_133623_p2_snap_021.jpg,65.59983459357278,71.20888468809073,42.94884215500945,35.59250945179584,104.76843100189036,72.39732986767486,0.9212309063483324,1.5273943610137055,unripe
stereo20190405_133623_p2_snap_021.jpg,41.330066568047336,47.50314349112426,29.84125369822485,41.818879437869825,100.75952292899409,47.754715236686394,0.870048902664318,1.384997196700685,unripe
stereo20190405_133623_p2_snap_021.jpg,44.49787352071006,29.882026627218934,16.913646449704142,19.09014423076923,152.62647928994082,45.33200813609467,1.4891178294111942,2.6308843184223734,fully-ripe
stereo20190405_133623_p2_snap_021.jpg,43.81850961538461,48.453402366863905,26.91623520710059,36.64940828402367,115.30575073964496,48.751941568047336,0.9043431096991429,1.627957736238231,unripe
stereo20190406_054921_p0_snap_683.jpg,44.59383656509695,28.907375346260388,17.40858725761773,13.394563711911358,154.53964681440442,44.607513850415515,1.5426451071565297,2.5615984967188203,fully-ripe
stereo20190406_054921_p0_snap_683.jpg,18.37611111111111,15.074166666666667,8.457986111111111,23.518680555555555,150.06173611111112,19.020416666666666,1.2190457573544278,2.1726317758612774,fully-ripe
stereo20190406_054921_p0_snap_683.jpg,20.93028846153846,22.64681952662722,13.417622041420119,36.48825813609467,121.93481878698225,22.73742603550296,0.9242039128227411,1.5599092594674555,unripe
stereo20190406_054921_p0_snap_683.jpg,16.94965277777778,18.09722222222222,9.53375,34.081041666666664,134.47180555555556,18.196666666666665,0.9365881240648893,1.7778560376785004,unripe
stereo20190406_054921_p0_snap_683.jpg,33.903753698224854,38.272559171597635,26.771634615384617,43.14349112426036,88.34079142011835,38.75240384615385,0.8858499555181439,1.2664053398774648,unripe
stereo20190406_054921_p0_snap_683.jpg,41.188239644970416,30.31832470414201,19.81046597633136,18.851423816568047,137.66854659763314,41.64506286982248,1.35852579130421,2.0791140856070403,fully-ripe
stereo20190406_065607_p0_snap_387.jpg,51.20637119113574,60.7588296398892,29.92711218836565,38.57254155124654,131.3661703601108,60.990650969529085,0.8427805977637185,1.7110355906871166,unripe
stereo20190406_065607_p0_snap_387.jpg,28.913109875479677,26.77717518991307,12.613125538413344,30.38432923486569,160.23333855431122,31.859660114339416,1.0797665875041715,2.2923015286266217,fully-ripe
stereo20190406_065607_p0_snap_387.jpg,30.16068212076122,36.96749941263999,17.521751899130706,41.41590962487274,141.53134544600204,37.37888636541624,0.8158700058502895,1.721327015764183,unripe
stereo20190406_065607_p0_snap_387.jpg,25.799168975069254,34.23961218836565,13.962084487534627,42.51575484764543,152.8601108033241,34.23961218836565,0.7534887164682443,1.8478007721622842,unripe
stereo20190406_065607_p0_snap_387.jpg,51.922783933518005,64.2202216066482,31.121364265927976,40.79882271468144,132.6852493074792,64.23337950138504,0.8085113154301184,1.668396244004033,unripe
stereo20190406_065607_p0_snap_387.jpg,46.84400969529086,58.21693213296399,28.923476454293628,41.76454293628809,132.37828947368422,58.21693213296399,0.8046456577589038,1.6195837859767064,unripe
stereo20190406_065607_p0_snap_387.jpg,59.03703152885188,54.267995240928016,28.02126710291493,28.161064842355742,145.74553837001784,62.72114812611541,1.0878791521219788,2.1068644127826177,fully-ripe
stereo20190406_065607_p0_snap_387.jpg,38.434711481261154,34.0639500297442,14.973973825104105,28.67965496728138,159.372248661511,40.516359309934565,1.1283101391529484,2.5667659275031935,semi-ripe
stereo20190405_133623_p0_snap_177.jpg,30.970277777777778,39.717708333333334,26.233958333333334,49.63395833333333,105.38215277777778,39.90694444444444,0.779759741429703,1.1805410978721969,unripe
stereo20190405_133623_p0_snap_177.jpg,77.74824334319527,83.61547707100591,63.75933801775148,39.21764053254438,68.12435281065089,86.39478550295858,0.9298306577724267,1.219401480102166,unripe
stereo20190405_133623_p0_snap_177.jpg,102.78467085798816,71.3391272189349,52.44914940828402,12.095414201183432,122.2814349112426,102.79178994082841,1.4407893740367097,1.9597010136592188,fully-ripe
stereo20190405_133623_p0_snap_177.jpg,34.09020833333334,38.95472222222222,23.46465277777778,39.931666666666665,110.30486111111111,39.782222222222224,0.8751236727507561,1.4528318031324314,unripe
stereo20190405_133623_p0_snap_177.jpg,55.74041666666667,60.058125,44.86694444444444,43.621805555555554,84.51125,62.19979166666667,0.9281076854395607,1.2423490151462377,unripe
stereo20190405_133623_p0_snap_177.jpg,57.44833333333333,65.22444444444444,46.855625,46.06194444444444,82.37548611111112,65.92027777777778,0.8807790547679551,1.2260709588789762,unripe
stereo20190405_133623_p0_snap_177.jpg,48.61423611111111,49.66770833333333,36.29944444444445,39.79631944444444,95.97534722222223,54.44493055555556,0.9787893976696892,1.339255282349055,unripe
stereo20190405_133623_p0_snap_177.jpg,47.37652777777778,51.63534722222222,34.14180555555556,38.43958333333333,94.61256944444445,53.39611111111111,0.9175210616609896,1.3876393802399494,unripe
stereo20190405_133623_p0_snap_177.jpg,54.64048611111111,42.658125,29.123958333333334,20.549027777777777,120.99659722222222,55.77215277777778,1.2808925216986422,1.8761346491567663,fully-ripe
stereo20190406_065607_p0_snap_196.jpg,55.60907202216067,38.191481994459835,22.52943213296399,15.220914127423823,147.85907202216066,55.61409279778393,1.4560591670581362,2.4682844650110605,fully-ripe
stereo20190406_065607_p0_snap_196.jpg,31.923381620642825,25.41579900407424,15.026765504753282,20.769777048438208,148.838897691263,32.35827863286555,1.2560442839149994,2.1244332565256463,semi-ripe
stereo20190406_065607_p0_snap_196.jpg,31.591783612494343,31.430143730194658,20.49165346310548,32.94109325486645,132.1780783159801,33.12412290629244,1.0051425100776523,1.5416895592382844,semi-ripe
stereo20190406_065607_p0_snap_196.jpg,48.84622248661511,51.2703747769185,34.15020820939917,34.13027959547888,88.10023795359905,51.70226055919096,0.9527180788509563,1.4303341251614947,unripe
stereo20190406_065607_p0_snap_196.jpg,31.469529085872576,35.87452389196676,19.797177977839336,37.891923476454295,120.42373614958449,35.942910318559555,0.8772108142405557,1.589595912363871,unripe
stereo20190406_065607_p0_snap_196.jpg,40.33799230421005,38.26878678134903,22.291959031235855,27.54320393843368,121.7373811679493,40.98687188773201,1.0540700439233426,1.8095302504542252,unripe
stereo20190406_054921_p0_snap_544.jpg,29.22761678200692,30.47388624567474,19.227887110726645,33.104725346020764,101.57844939446366,31.30514705882353,0.959103376423528,1.520063094455698,unripe
stereo20190406_054921_p0_snap_544.jpg,33.27821860741916,34.069033921840905,22.874082523308868,32.04458440785558,92.98467565959135,34.77519341400516,0.9767875694945826,1.45484322814155,unripe
stereo20190406_054921_p0_snap_544.jpg,32.464192708333336,32.71202256944444,24.7041015625,32.24663628472222,83.31065538194444,33.98773871527778,0.9924235872355235,1.3141210371480379,unripe
stereo20190406_054921_p0_snap_544.jpg,32.464192708333336,32.71202256944444,24.7041015625,32.24663628472222,83.31065538194444,33.98773871527778,0.9924235872355235,1.3141210371480379,unripe
stereo20190406_054921_p0_snap_544.jpg,36.6843820861678,25.250283446712018,17.767148526077097,18.901502267573697,133.1373299319728,36.930839002267575,1.4528299310099575,2.064729823416932,semi-ripe
stereo20190406_054921_p0_snap_544.jpg,34.5639,21.5937,14.2589,17.1432,139.7165,34.8147,1.6006466697941206,2.424021190960599,fully-ripe
stereo20190406_054921_p0_snap_544.jpg,25.272713747272366,17.638563777028367,10.510960126958937,21.810007934933545,151.08455663558817,25.859650862924024,1.4328093680786333,2.4044130505567654,fully-ripe
stereo20190406_054921_p0_snap_544.jpg,31.73126951092612,31.887747138397504,18.801378772112383,31.994992195629553,121.05235431841831,32.83454734651405,0.9950925483158879,1.6877088121273411,unripe
stereo20190406_054921_p0_snap_544.jpg,40.05306927297668,40.08556241426612,24.76791838134431,30.88434499314129,110.2391975308642,41.53086419753087,0.9991891561144858,1.6171344109322214,unripe
stereo20190406_065607_p0_snap_140.jpg,31.619703970553683,34.54183961155925,17.265976192340826,34.81973921215444,145.19574751350927,35.11549455713055,0.9154027455429692,1.8313291588626517,semi-ripe
stereo20190406_065607_p0_snap_140.jpg,33.623140495867766,34.242892561983474,13.829173553719007,33.70396694214876,161.19280991735536,36.150743801652894,0.9819010066394379,2.431317826194134,semi-ripe
stereo20190406_065607_p0_snap_140.jpg,38.8806611570248,29.456363636363637,13.624710743801653,25.81107438016529,167.60694214876034,41.01107438016529,1.319940520751236,2.8536849956879244,fully-ripe
stereo20190406_065607_p0_snap_140.jpg,37.273393194707,43.43171077504726,18.569352551984878,37.91741493383743,149.49468336483932,43.49952741020794,0.8582066869457681,2.0072521655151188,unripe
stereo20190406_065607_p0_snap_140.jpg,47.02173913043478,38.37240075614367,16.98913043478261,25.9859404536862,174.91398865784498,49.709948015122876,1.2254048730286329,2.7677526894865805,semi-ripe
stereo20190406_065607_p0_snap_140.jpg,53.794423440453684,44.60066162570889,21.50070888468809,24.421195652173914,157.70427693761815,55.40323724007561,1.2061348289079417,2.5019825490004344,semi-ripe
stereo20190406_065607_p0_snap_140.jpg,64.11748958953004,47.466091612135635,22.432926829268293,20.65258774538965,169.43129089827482,65.27364663890542,1.350805889083951,2.8581852691652854,fully-ripe
stereo20190406_065607_p0_snap_140.jpg,29.966161158895428,38.33598347668628,19.08536102308737,42.8695110909914,135.51955070167497,38.343622679945675,0.7816716991335858,1.5701115332075906,unripe
stereo20190406_065607_p0_snap_140.jpg,27.6371,31.9382,12.4269,38.487,163.7831,31.9382,0.865330273675325,2.2239720091317956,unripe
stereo20190406_065607_p0_snap_140.jpg,34.4888,42.5274,17.3676,40.2995,160.2152,42.5274,0.8109781432727738,1.9858115192591266,unripe
stereo20190406_054921_p0_snap_124.jpg,38.42180341524365,28.670137442732194,21.14171178675552,25.05872553102874,128.61120366513953,39.548000832986254,1.3401327458113048,1.8173450489407843,fully-ripe
stereo20190406_054921_p0_snap_124.jpg,22.279955621301774,17.604567307692307,10.972078402366863,21.547614644970412,141.52348372781066,22.612703402366865,1.2655774252282992,2.0306029995616526,fully-ripe
stereo20190406_054921_p0_snap_124.jpg,31.403568786982248,37.351238905325445,26.82230029585799,49.43518860946745,84.37999260355029,37.704419378698226,0.8407635542945608,1.1708002942547315,unripe
stereo20190406_054921_p0_snap_124.jpg,26.6511649408284,32.91188979289941,21.89275147928994,48.72226331360947,96.87130177514793,32.989644970414204,0.809772912184737,1.2173505368904605,unripe
stereo20190405_135700_p1_snap_094.jpg,40.0776384083045,42.08239619377163,26.31574394463668,34.67171280276817,104.59861591695501,43.01362456747405,0.9523609040738776,1.522952315659289,unripe
stereo20190405_135700_p1_snap_094.jpg,42.36127547666009,31.98767258382643,17.328731097961867,19.148586456278764,156.4768244575937,42.63971071663379,1.3242996070643374,2.4445673945490736,fully-ripe
stereo20190405_135700_p1_snap_094.jpg,32.75079719387755,37.29081632653061,23.853316326530614,40.39174107142857,99.34422831632654,37.32525510204081,0.8782534585611194,1.3730075523031275,unripe
stereo20190405_135700_p1_snap_094.jpg,49.10957217605417,51.19852262234534,30.847029855340104,33.15966451215759,114.04878424130501,53.08048630347799,0.959198821933044,1.5920351646821806,unripe
stereo20190405_135700_p1_snap_094.jpg,47.66789940828402,54.11261094674556,34.9844674556213,39.97438979289941,92.38424556213018,54.13276627218935,0.8809016930670562,1.3625442732066517,unripe
stereo20190405_135700_p1_snap_094.jpg,35.61040805785124,41.56159607438016,24.78357438016529,40.643336776859506,111.86066632231405,41.565470041322314,0.8568102010812949,1.4368546337611614,unripe
stereo20190405_135700_p1_snap_094.jpg,35.19312283737024,40.44679930795848,24.14797794117647,39.4379865916955,109.06714965397924,40.55552551903114,0.8701087536822217,1.457393590020803,unripe
stereo20190405_135700_p1_snap_094.jpg,26.387436224489797,30.05346513605442,16.973072562358276,38.69231859410431,124.67460317460318,30.158801020408163,0.8780161397319884,1.554663752299775,unripe
stereo20190405_135700_p1_snap_094.jpg,35.423354289940825,38.40578772189349,22.937222633136095,36.010909763313606,109.87185650887574,38.84097633136095,0.9223439269885936,1.5443604229207124,unripe
stereo20190405_135700_p1_snap_094.jpg,39.397013888888885,36.125972222222224,20.72451388888889,27.40277777777778,128.5523611111111,40.113958333333336,1.0905451275081053,1.9009852337312774,semi-ripe
stereo20190405_135700_p1_snap_094.jpg,40.07786673553719,31.41115702479339,18.880681818181817,21.020919421487605,133.95493285123968,40.74186466942149,1.2759114204162814,2.1226905836650976,fully-ripe
stereo20190405_135700_p1_snap_094.jpg,45.429103185595565,40.440226800554015,23.801549515235457,26.1137898199446,132.82124307479225,47.81431786703601,1.1233639261225394,1.9086607815137595,fully-ripe
stereo20190405_135700_p1_snap_094.jpg,46.84520833333333,50.15145833333333,32.56236111111111,36.28333333333333,100.96916666666667,50.30041666666666,0.9340745124743938,1.4386301345650025,unripe
stereo20190405_135700_p1_snap_094.jpg,48.954166666666666,52.90972222222222,32.98027777777778,35.693958333333335,103.73263888888889,53.01423611111111,0.9252393578757481,1.4843462554517832,unripe
stereo20190405_135700_p1_snap_094.jpg,57.50480436288089,60.689837257617725,42.810638850415515,39.749004501385045,82.29912569252078,60.94490131578947,0.9475193456787444,1.3432359916759997,unripe
stereo20190405_135700_p1_snap_094.jpg,52.5891544117647,54.8563473183391,34.074232266435985,32.651600346020764,103.35569852941177,56.442419982698965,0.958670188517668,1.543369739539781,unripe
stereo20190405_135700_p1_snap_094.jpg,54.722642733564015,60.11186202422145,39.40424956747405,40.854725346020764,95.4259839965398,60.292982266435985,0.9103466734743196,1.3887494228856012,unripe
stereo20190405_135700_p1_snap_094.jpg,63.990069444444444,65.45756944444445,42.611180555555556,32.18354166666666,97.60666666666667,66.80069444444445,0.9775807475245014,1.5017198207831242,unripe
stereo20190406_054921_p0_snap_1096.jpg,39.52836738742313,35.28317794088475,23.0263836540369,26.405326324142035,116.08931759571513,40.37026383654037,1.120317343592959,1.7166547215913324,semi-ripe
stereo20190406_054921_p0_snap_1096.jpg,31.00555445348145,27.708738345566356,18.64089466375719,28.679527871454077,121.30058520134894,32.129785756794284,1.1189806939959672,1.6633073883889544,semi-ripe
stereo20190406_054921_p0_snap_1096.jpg,35.22847649275937,31.821265621900416,23.569281888514183,28.863072803015275,107.18071811148582,36.071166435231106,1.10707304481892,1.494676915173975,semi-ripe
stereo20190406_054921_p0_snap_1096.jpg,29.572105716748062,29.894426888825052,18.483840850330363,30.820884803217467,110.71940534329215,31.051493823613903,0.9892176871143045,1.5998887870391747,unripe
stereo20190406_054921_p0_snap_1096.jpg,45.3936526816609,31.343804065743946,19.959288494809687,16.387759515570934,138.02860077854672,45.47864403114187,1.4482491692442818,2.274311028188956,semi-ripe
stereo20190406_054921_p0_snap_1096.jpg,43.14813148788927,45.1798615916955,27.93809688581315,33.61795847750865,100.35726643598616,46.03086505190311,0.9550299717058142,1.5444185844173899,unripe
stereo20190405_133623_p0_snap_044.jpg,68.8984235574063,85.76992861392029,51.42251635930993,45.294616299821534,105.16180844735277,85.76992861392029,0.8032933761039701,1.3398490590677172,unripe
stereo20190405_133623_p0_snap_044.jpg,45.82090909090909,40.154380165289254,21.39206611570248,25.337355371900827,144.31528925619835,47.348347107438016,1.1411182912327766,2.141957089301634,semi-ripe
stereo20190405_133623_p0_snap_044.jpg,82.75865650969529,68.18923130193906,36.10976454293629,27.01662049861496,144.15650969529085,85.88157894736842,1.2136614945346507,2.2918630082082396,semi-ripe
stereo20190405_133623_p0_snap_044.jpg,68.25129962192817,84.05080340264651,50.24929111531191,44.684310018903595,107.53638941398866,84.06663516068053,0.8120242607881667,1.3582537091472244,unripe
stereo20190405_133623_p0_snap_044.jpg,97.406636024131,76.1740879057742,46.892415972421716,19.241309968399886,138.6532605573111,99.58273484630853,1.2787369814949567,2.0772360142215205,fully-ripe
stereo20190405_133623_p0_snap_044.jpg,81.72809537489228,94.18328066647516,58.36648951450733,40.6057167480609,104.15598965814421,95.3451594369434,0.8677557855173099,1.4002569291409757,unripe
stereo20190405_133623_p0_snap_044.jpg,36.3754,45.4679,21.8948,41.1619,136.1244,45.5965,0.8000235770678704,1.6613708910924552,unripe
stereo20190405_133623_p0_snap_044.jpg,98.14938236139041,90.05142200517093,53.27556736569951,29.329646653260557,132.15979603562195,102.17229244469979,1.0899258365569853,1.8422959865392667,semi-ripe
stereo20190405_133623_p0_snap_044.jpg,109.129638671875,113.671630859375,66.332275390625,34.0,111.613525390625,116.957275390625,0.9600427850503277,1.6451964232684,unripe
stereo20190405_133623_p0_snap_044.jpg,130.1341463414634,129.2937239738251,79.21921475312314,31.480963712076147,109.06870910172516,137.8958953004164,1.0065000239517286,1.6427091624161974,unripe
stereo20190405_133623_p0_snap_044.jpg,77.8456,92.0158,55.1301,41.314,105.7774,92.1823,0.8460024424063648,1.4120341860373578,unripe
stereo20190406_054921_p0_snap_212.jpg,37.960387902695594,42.210880999342535,15.425049309664693,35.22008547008547,167.74178172255094,42.47041420118343,0.8993031656992706,2.4609557176166716,semi-ripe
stereo20190406_054921_p0_snap_212.jpg,39.80342970521542,47.688350340136054,17.539399092970523,37.319160997732425,166.4078798185941,47.991780045351476,0.8346571243238065,2.269371191140522,unripe
stereo20190406_054921_p0_snap_212.jpg,31.226259891711788,38.07142857142857,19.1609745939192,40.625052061640986,135.88379841732612,38.75947521865889,0.8202017329375655,1.6296792964189086,unripe
stereo20190406_054921_p0_snap_212.jpg,40.2707756232687,33.08864265927978,14.64404432132964,23.682306094182824,163.22004847645428,40.971779778393355,1.2170569783528093,2.749974476987069,fully-ripe
stereo20190406_054921_p0_snap_212.jpg,30.595208333333332,27.792916666666667,11.671458333333334,27.691666666666666,166.44104166666668,32.58368055555555,1.1008271529038922,2.621367548584647,fully-ripe
stereo20190406_054921_p0_snap_212.jpg,36.690365484429066,37.694204152249135,16.195231401384085,32.3442365916955,155.13440743944636,39.49805363321799,0.9733686272443439,2.2655028458725797,semi-ripe
stereo20190406_054921_p0_snap_212.jpg,33.348724048442904,43.05660683391003,19.12640570934256,41.71231617647059,146.02584342560553,43.063635380622834,0.7745319186847607,1.7435950653395693,unripe
stereo20190405_133623_p1_snap_066.jpg,60.77993055555555,64.889375,41.44645833333333,37.03625,96.65763888888888,65.04645833333333,0.9366698506320494,1.4664682661676454,unripe
stereo20190405_133623_p1_snap_066.jpg,76.7554548816568,81.66586538461539,54.79400887573964,35.56804733727811,85.35012943786982,82.14922337278107,0.939871819412547,1.4007998766383736,unripe
stereo20190405_133623_p1_snap_066.jpg,69.65227440828403,46.056028106508876,28.117511094674555,15.522189349112425,152.0832100591716,70.34264053254438,1.5123375190720194,2.477184036734879,fully-ripe
stereo20190405_133623_p1_snap_066.jpg,60.85381944444445,53.72784722222222,33.860625,26.458680555555556,117.28381944444445,62.21201388888889,1.1326306797002668,1.7971848267005166,unripe
stereo20190405_133623_p1_snap_066.jpg,64.02413091715977,69.87176405325444,45.06582840236686,37.155972633136095,92.35845044378698,70.01423816568047,0.9163089356849913,1.4206799027131205,unripe
stereo20190405_133623_p1_snap_066.jpg,49.510262573964496,55.08884985207101,34.509800295857985,38.42649778106509,97.64238165680473,55.13230399408284,0.8987345664243804,1.4346721164070533,unripe
stereo20190405_133623_p1_snap_066.jpg,55.74243055555556,61.77076388888889,40.289097222222225,38.95048611111111,92.42118055555555,61.773472222222225,0.9024078386296908,1.383560828193526,unripe
stereo20190405_135700_p0_snap_162.jpg,82.22242455775235,67.17319198751301,42.78043704474506,22.073881373569197,122.15186004162331,82.892104578564,1.2240361055445426,1.9219627245071564,fully-ripe
stereo20190405_135700_p0_snap_162.jpg,70.39033499320959,74.40855590765052,35.81371661385242,34.33985966500679,140.2220461747397,77.76414667270258,0.9459977374187266,1.9654568694334995,unripe
stereo20190405_135700_p0_snap_162.jpg,59.335181179015684,63.817739318550565,34.13236884802596,34.44740400216333,127.27866414277987,64.80746349378042,0.9297598522762085,1.738383997294912,unripe
stereo20190405_135700_p0_snap_162.jpg,87.00280091927607,64.61440677966101,32.620798621085896,19.5683711577133,156.90261419132432,87.73111174949727,1.3464920872993527,2.6670951640063874,semi-ripe
stereo20190405_135700_p0_snap_162.jpg,86.445,57.407,28.4418,18.6276,166.6178,87.038,1.5058265532380104,3.0393635285518044,fully-ripe
stereo20190405_135700_p0_snap_162.jpg,76.54402141582392,62.2819750148721,32.511154074955385,24.240035693039857,153.38206424747173,79.54045211183819,1.2289913591794839,2.3543919017894765,fully-ripe
stereo20190405_135700_p0_snap_162.jpg,56.0775,66.1043,38.1839,41.1591,109.8797,66.1059,0.8483183622974054,1.4686159693965337,unripe
stereo20190405_135700_p0_snap_162.jpg,74.86436644854254,82.78539559785841,53.041939321832245,37.94155264723379,97.16731112433075,83.26026174895895,0.9043184110519018,1.4114180833419732,unripe
stereo20190405_135700_p0_snap_162.jpg,64.89024390243902,69.31900654372397,39.41627007733492,34.09726353361095,114.61957168352171,70.94660916121356,0.9361102787935337,1.6462802622450436,unripe
stereo20190405_135700_p0_snap_162.jpg,51.95371972318339,55.125810986159166,29.96545198961938,35.10142733564014,123.24302551903114,56.40311418685121,0.9424570699133493,1.7337867088844208,semi-ripe
stereo20190405_135700_p0_snap_162.jpg,49.1955,59.3907,30.376,41.0826,127.0907,59.5004,0.8283366203232795,1.619551086531773,unripe
stereo20190406_054921_p0_snap_785.jpg,43.41878858024691,46.139467592592595,27.688078703703702,34.141975308641975,108.36033950617283,47.507523148148145,0.9410333806470649,1.5681396085111137,unripe
stereo20190406_054921_p0_snap_785.jpg,41.50694214876033,49.8903305785124,30.611487603305786,43.94619834710744,108.41909090909091,49.94140495867769,0.8319634956879254,1.3559265438969548,unripe
stereo20190406_054921_p0_snap_785.jpg,22.0698347107438,27.223884297520662,13.317851239669421,41.29834710743802,141.00743801652894,27.286280991735538,0.8106788275604548,1.6571605840887724,unripe
stereo20190406_054921_p0_snap_785.jpg,17.885056228373703,20.852670847750865,9.660413062283737,38.02281574394463,152.0745025951557,20.85856401384083,0.857686182364545,1.8513740146847826,unripe
stereo20190405_135700_p0_snap_149.jpg,43.91903409090909,43.56831095041322,16.881714876033058,31.526988636363637,165.53060433884298,48.31559917355372,1.0080497281704988,2.601572671834075,unripe
stereo20190405_135700_p0_snap_149.jpg,72.9639274691358,95.60378086419753,47.86516203703704,44.35706018518518,132.78800154320987,95.60378086419753,0.7631907355303409,1.5243636315080593,unripe
stereo20190405_135700_p0_snap_149.jpg,58.45127588757396,76.79234467455622,37.388683431952664,43.96532914201183,132.45626849112426,76.79262204142012,0.7611600938047646,1.5633409601208756,unripe
stereo20190405_135700_p0_snap_149.jpg,86.95561202422145,77.49453935986159,39.5095696366782,27.753081747404845,141.65100562283737,90.25432525951557,1.1220868143954938,2.200874137964691,fully-ripe
stereo20190405_135700_p0_snap_149.jpg,93.19912190082644,93.44744318181819,41.35111053719008,30.776988636363637,148.6643853305785,97.38132747933884,0.9973425569928741,2.2538475545543117,semi-ripe
stereo20190405_135700_p0_snap_149.jpg,87.59930268595042,105.68336776859505,50.86079545454545,39.807980371900825,137.0730888429752,106.07683367768595,0.8288843954037727,1.7223341609137184,unripe
stereo20190405_135700_p0_snap_149.jpg,127.07784722222222,144.75993055555554,92.48965277777778,39.69215277777778,113.73215277777778,145.15784722222222,0.8778523031615412,1.3739681106584685,unripe
stereo20190405_135700_p0_snap_149.jpg,91.32664571005917,67.87056213017752,29.03125,20.661797337278106,176.8172152366864,92.92631286982248,1.34560005675055,3.145803720198819,fully-ripe
stereo20190405_135700_p0_snap_149.jpg,67.76072485207101,80.76645710059172,32.75351331360947,38.27866124260355,154.41170488165682,82.23187869822485,0.8389710146375161,2.0688071998628508,unripe
stereo20190405_135700_p0_snap_136.jpg,52.99032223183391,62.055363321799305,32.31915008650519,38.94220371972318,123.74189013840831,62.536169982698965,0.8539199652710661,1.6395946580913754,unripe
stereo20190405_135700_p0_snap_136.jpg,101.29763888888888,80.07395833333334,47.984722222222224,21.738958333333333,132.15055555555554,102.12333333333333,1.2650508148566495,2.1110389533856124,fully-ripe
stereo20190405_135700_p0_snap_136.jpg,119.10310337370242,128.00486591695503,80.07369160899654,38.94393382352941,112.74972967128028,129.44382569204151,0.9304575510933837,1.4874184779827988,unripe
stereo20190405_135700_p0_snap_136.jpg,68.20546343537416,86.56692885487529,48.54276502267574,46.128153344671205,118.78156887755102,86.59116354875283,0.7878927490980924,1.405059010398837,unripe
stereo20190405_135700_p0_snap_136.jpg,70.45307093425606,87.69263624567473,45.13029844290657,43.268814878892734,132.12170198961937,87.70366565743944,0.8034091106896095,1.5611032444722772,unripe
stereo20190405_135700_p0_snap_167.jpg,93.82572946533986,119.05658627087199,52.46141845167819,42.74055489964581,142.76134255355035,119.08323494687131,0.7880766996888771,1.7884707342988573,unripe
stereo20190405_135700_p0_snap_167.jpg,81.29950140017759,103.27373471757393,42.674253807800014,42.627142954716206,147.8161327778157,103.27373471757393,0.7872233317626854,1.9051178426027735,unripe
stereo20190405_135700_p0_snap_167.jpg,88.9733727810651,76.36011464497041,39.90920857988166,24.910318047337277,140.54890902366864,90.24750369822485,1.1651810836446228,2.229394008378726,fully-ripe
stereo20190405_135700_p0_snap_167.jpg,59.37822830578512,70.95235020661157,31.587939049586776,38.377970041322314,143.31224173553719,71.0963326446281,0.8368746033659366,1.8797747271458858,unripe
stereo20190405_135700_p0_snap_167.jpg,87.47172004132231,94.80552685950413,39.88171487603306,35.61660640495868,154.8232179752066,101.0287964876033,0.9226435811544417,2.1932782574779877,unripe
stereo20190405_135700_p0_snap_167.jpg,105.12551652892562,85.56818181818181,36.57980371900826,23.97288223140496,167.52414772727272,109.80927169421487,1.2285583497229888,2.8738669184173125,fully-ripe
stereo20190405_135700_p0_snap_167.jpg,97.96732954545455,66.31366219008264,27.634814049586776,18.767820247933884,179.0830320247934,98.46823347107438,1.4773322952865484,3.545067968215251,fully-ripe
stereo20190405_135700_p0_snap_146.jpg,60.01890203813281,82.86653517422748,37.03336620644313,45.52087442472058,140.38954635108482,82.86653517422748,0.724283870070155,1.6206705460381605,unripe
stereo20190405_135700_p0_snap_146.jpg,73.62182423990004,87.67628071636818,32.553727613494374,38.145147855060394,162.2021032902957,90.44137859225323,0.8397004895892073,2.2615475099664706,unripe
stereo20190405_135700_p0_snap_146.jpg,101.71938168846611,125.87343935790726,57.87373662306778,42.0400564803805,146.41810344827587,125.89447086801427,0.8081083199622049,1.7576083738100687,unripe
stereo20190405_135700_p0_snap_146.jpg,96.3935,70.2046,26.4069,20.9096,184.7056,97.8775,1.3730366139773442,3.650313497489862,fully-ripe
stereo20190405_135700_p0_snap_146.jpg,100.69616299821534,97.7093991671624,36.74672813801309,29.653777513384888,165.35722784057108,104.2004759071981,1.0305677196956862,2.740274867935802,semi-ripe
stereo20190405_135700_p0_snap_146.jpg,84.40838786436645,108.7296252230815,41.13979773944081,41.41017251635931,156.97769185008923,108.7297739440809,0.776314458254045,2.051744830675131,unripe
stereo20190405_135700_p0_snap_146.jpg,56.9857,75.4154,32.7321,42.4072,144.0395,75.4162,0.7556240826642724,1.7409723968299016,unripe
stereo20190405_133623_p2_snap_087.jpg,64.8241975308642,58.001975308641974,33.59407407407407,26.39283950617284,129.69666666666666,66.1104938271605,1.117620322578954,1.9296313418734246,semi-ripe
stereo20190405_133623_p2_snap_087.jpg,64.8241975308642,58.001975308641974,33.59407407407407,26.39283950617284,129.69666666666666,66.1104938271605,1.117620322578954,1.9296313418734246,semi-ripe
stereo20190405_133623_p2_snap_087.jpg,74.5121107266436,76.9523260284506,57.660611303344865,34.24404075355633,70.12620146097655,78.1611880046136,0.9682891328873394,1.2922529976679453,unripe
stereo20190405_133623_p2_snap_087.jpg,69.05038682801032,63.01269589367189,45.9876512596707,26.63876215036699,88.73279111287442,70.6091053362428,1.095816880876794,1.5014981178998263,semi-ripe
stereo20190405_133623_p2_snap_087.jpg,69.05038682801032,63.01269589367189,45.9876512596707,26.63876215036699,88.73279111287442,70.6091053362428,1.095816880876794,1.5014981178998263,semi-ripe
stereo20190405_133623_p2_snap_087.jpg,43.90666351606805,47.80174858223062,27.940453686200378,37.00200850661626,112.69754253308129,48.180293005671075,0.9185156533632112,1.5714364660939137,unripe
stereo20190405_133623_p2_snap_087.jpg,57.564372148383256,51.72078952588772,28.832324935528664,28.157756397540172,128.9895358063876,59.15889704423726,1.1129830295753773,1.996521345811973,semi-ripe
stereo20190405_133623_p2_snap_087.jpg,56.74535123966942,53.03964359504132,31.806689049586776,27.182205578512395,123.4607438016529,58.40560433884298,1.0698665506551224,1.7840691720697952,semi-ripe
stereo20190405_133623_p2_snap_087.jpg,52.072325138504155,58.93836565096953,38.26735630193906,40.52280990304709,99.98190789473684,59.076739958448755,0.8835045853125334,1.3607501683716754,unripe
stereo20190405_133623_p2_snap_087.jpg,71.24935121107266,50.17095588235294,30.376351643598618,21.17814662629758,140.68987889273356,72.38948961937716,1.4201311447371157,2.3455525071445624,semi-ripe
stereo20190405_133623_p2_snap_087.jpg,90.32941632231405,67.3073347107438,50.433755165289256,18.66567665289256,113.77259814049587,90.85860020661157,1.342043973217315,1.7910504208098017,fully-ripe
stereo20190405_133623_p2_snap_087.jpg,62.32195216049383,68.7175925925926,43.73726851851852,38.31288580246913,97.72106481481481,68.86381172839506,0.9069284988008562,1.4249160960965253,unripe
stereo20190405_133623_p2_snap_087.jpg,64.87706611570248,62.68001033057851,37.532412190082646,30.605113636363637,110.67923553719008,66.3721590909091,1.0350517720564958,1.7285605972120077,semi-ripe
stereo20190405_133623_p2_snap_087.jpg,58.99108987603306,59.05888429752066,35.92419938016529,33.1979597107438,112.15237603305785,63.656637396694215,0.998851918541752,1.6420984871723745,unripe
stereo20190405_133623_p2_snap_087.jpg,89.50636574074075,52.15721450617284,33.79494598765432,14.273726851851851,155.91666666666666,90.16473765432099,1.7160875907065876,2.648512570143261,fully-ripe
stereo20190405_133623_p2_snap_087.jpg,81.5893351800554,66.62383137119113,41.19122229916898,23.80678670360111,126.62846260387812,82.99623441828255,1.2246267027066906,1.9807451883808156,semi-ripe
stereo20190405_133623_p1_snap_146.jpg,72.57804370447451,76.89412070759626,53.34573361082206,37.674557752341315,82.97762747138397,77.32648283038502,0.9438697471002768,1.3605217359787793,unripe
stereo20190405_133623_p1_snap_146.jpg,61.31657483930211,66.21717171717172,45.20982552800734,37.87855831037649,86.91345270890726,66.6317722681359,0.9259919140201226,1.3562662664701952,unripe
stereo20190405_133623_p1_snap_146.jpg,66.44390993850426,70.02013489387026,48.35627851616743,35.48070819281889,83.05876810156715,70.69733187859552,0.9489256276063622,1.3740490012232724,unripe
stereo20190405_133623_p1_snap_146.jpg,80.74433893352813,83.50219138056976,55.930058436815195,32.64517896274653,87.75292184075968,84.72224251278305,0.966972577950701,1.4436660134744137,unripe
stereo20190405_133623_p1_snap_146.jpg,83.68115234375,52.752685546875,35.346435546875,14.179443359375,146.94140625,84.029296875,1.5862914961263463,2.367455936489441,fully-ripe
stereo20190405_133623_p1_snap_146.jpg,68.8801,51.7313,32.9135,21.5978,130.9097,70.5591,1.3314973079166175,2.092760693101404,fully-ripe
stereo20190405_133623_p1_snap_146.jpg,54.2887,48.4078,29.7519,27.6843,120.2006,57.0651,1.1214863882501602,1.8247131024529182,semi-ripe
stereo20190405_133623_p1_snap_146.jpg,67.03256989886972,74.27825698988697,47.60856632956573,39.34176085663296,95.07688875669244,74.63979773944081,0.9024519905397934,1.4079935815522666,unripe
stereo20190405_133623_p1_snap_146.jpg,71.87224866151101,75.67549077929803,54.68441403926234,37.14187983343248,73.41835217132659,76.12120761451517,0.9497426237207346,1.3143093289216714,unripe
stereo20190405_133623_p1_snap_146.jpg,65.5317,70.8994,43.3023,35.9365,100.2839,71.4038,0.9242911894471336,1.5133534446545691,unripe
stereo20190405_133623_p1_snap_146.jpg,89.29122378626832,89.7123671358805,65.83323757540937,33.75804366561333,82.7617064062051,94.36139040505601,0.9953055156595138,1.3563241534452446,unripe
stereo20190405_133623_p1_snap_146.jpg,99.28849468543523,102.91015512783683,68.71121804079287,35.16977879919563,89.65649238724504,103.91072967538064,0.9648074566987361,1.445011208742901,unripe
stereo20190405_133623_p1_snap_071.jpg,71.20266272189349,73.62805103550296,48.34032914201183,32.38498520710059,93.07045118343196,74.99704142011835,0.9670587778694869,1.4729450389811678,unripe
stereo20190405_133623_p1_snap_071.jpg,74.04345414201184,77.92381656804734,54.76617973372781,33.35558431952663,81.69951923076923,79.56018860946746,0.9502030046914219,1.3519920685008346,unripe
stereo20190405_133623_p1_snap_071.jpg,61.59375,68.35769628099173,50.612345041322314,47.48566632231405,76.51110537190083,68.8228305785124,0.9010505669516212,1.2169706378948768,unripe
stereo20190405_133623_p1_snap_071.jpg,67.2287352071006,73.98798076923077,51.257951183431956,39.771542159763314,81.98502218934911,74.12204142011835,0.9086438827185839,1.3115764586600618,unripe
stereo20190405_133623_p1_snap_071.jpg,71.82322485207101,62.74436020710059,42.188332100591715,22.885170118343197,109.5626849112426,72.23724112426035,1.1446959243515202,1.7024424586493443,unripe
stereo20190405_133623_p1_snap_071.jpg,84.7602625739645,65.19406434911242,51.48169378698225,25.022281804733726,115.23280325443787,86.42862426035504,1.3001221877938736,1.6464152570528778,fully-ripe
stereo20190405_135104_p0_snap_022.jpg,28.454974112426036,38.970229289940825,17.24269600591716,44.95469674556213,143.76470044378698,38.97059911242604,0.7301719114609327,1.6502615136313972,unripe
stereo20190405_135104_p0_snap_022.jpg,22.035034602076124,23.44788062283737,10.586180795847751,34.00735294117647,146.07066392733563,24.308120674740483,0.9397448562223684,2.0814885190543686,semi-ripe
stereo20190405_135104_p0_snap_022.jpg,24.311880810852003,32.351775643956714,12.504420057918,42.29099984758421,157.4122085048011,32.35188995579942,0.75148497453628,1.9442614096159736,unripe
stereo20190406_054921_p0_snap_454.jpg,34.185022769438355,29.9052960026986,16.634171023781413,28.411410018552875,139.86970821386404,35.2728959352336,1.1431089441570523,2.0551070545983,semi-ripe
stereo20190406_054921_p0_snap_454.jpg,31.527281160398044,36.68848035081801,22.56097149603643,40.74894585933547,112.67637881598921,36.853896103896105,0.8593234788058022,1.397425070621898,unripe
stereo20190406_054921_p0_snap_454.jpg,48.05165289256198,31.364540289256198,19.429881198347108,19.71668388429752,148.46577995867767,48.97339876033058,1.5320370433948765,2.4730788454775143,fully-ripe
stereo20190406_054921_p0_snap_454.jpg,49.63764705882353,39.61871972318339,24.852214532871972,24.038823529411765,127.47034602076124,50.472006920415225,1.2528833560702843,1.997312031088724,semi-ripe
stereo20190406_054921_p0_snap_454.jpg,45.987673010380625,31.191663062283737,18.38921929065744,19.242376730103807,151.38381271626298,46.54876730103806,1.4743573683448188,2.500793931246724,semi-ripe
stereo20190406_054921_p0_snap_454.jpg,44.171820934256054,36.692582179930795,22.345317906574394,27.97772491349481,130.41857698961937,47.42674091695502,1.203834842674758,1.9767810577198968,semi-ripe
stereo20190406_054921_p0_snap_454.jpg,43.6808,46.9039,34.4357,38.9972,83.9739,47.2132,0.9312827011649987,1.2684739184991394,unripe
stereo20190405_135104_p0_snap_032.jpg,44.298811983471076,39.26691632231405,19.823734504132233,28.24057334710744,154.20467458677686,47.93285123966942,1.128145646538613,2.234633924697579,fully-ripe
stereo20190405_135104_p0_snap_032.jpg,58.268336776859506,56.99083161157025,28.823734504132233,30.037190082644628,146.71823347107437,62.14204545454545,1.0224157975064874,2.021539455725679,semi-ripe
stereo20190405_135104_p0_snap_032.jpg,64.81779844290658,54.399113321799305,23.95863970588235,23.774653979238753,164.38754325259515,66.2037197231834,1.1915228497245323,2.7054028185483445,fully-ripe
stereo20190405_135104_p0_snap_032.jpg,41.81736111111111,53.93888888888889,25.732152777777777,42.32972222222222,144.45229166666667,54.02520833333333,0.7752727988988528,1.6251009086272556,unripe
stereo20190405_135104_p0_snap_032.jpg,37.906065088757394,49.3856323964497,21.733635355029588,42.61325813609467,145.7041420118343,49.3856323964497,0.7675523340257782,1.7441190591612004,unripe
stereo20190405_135104_p0_snap_032.jpg,56.77515589569161,55.19256660997733,25.57433390022676,30.11362670068027,150.36050878684807,60.165072278911566,1.0286737706937965,2.2200043964837826,semi-ripe
stereo20190405_133623_p2_snap_058.jpg,30.704001260239444,35.47820835958832,24.548099138836378,43.92123503465658,84.71224532661206,35.52924805713086,0.8654324450297938,1.2507684843092102,unripe
stereo20190405_133623_p2_snap_058.jpg,60.376838235294116,60.73015787197232,39.95685553633218,33.54660467128028,96.55622837370242,63.664738321799305,0.9941819749712685,1.5110504146125867,unripe
stereo20190405_133623_p2_snap_058.jpg,42.129833432480666,46.07778108268887,29.454045211183818,38.954491374182034,100.61525877453896,46.30116002379536,0.9143197284973273,1.430357658068211,unripe
stereo20190405_133623_p2_snap_058.jpg,51.23825104104699,40.291641879833435,27.785246876859013,20.064693634741225,116.73364069006544,51.456722189173114,1.271684049933244,1.8440805232835848,semi-ripe
stereo20190405_133623_p2_snap_058.jpg,41.33455882352941,35.658953287197235,26.205179498269896,32.571853373702425,107.50729887543253,45.152195069204154,1.159163223300154,1.5773424888325414,semi-ripe
stereo20190405_133623_p2_snap_058.jpg,65.05462257617728,52.36582409972299,37.59673649584487,27.008699792243767,112.6777614265928,66.12664473684211,1.2423104433377374,1.7303258563441652,semi-ripe
stereo20190405_133623_p2_snap_058.jpg,53.463444412525135,56.35205400746912,37.91920425165183,34.802068371157716,85.41137604136742,56.71193622522264,0.9487397729644629,1.409930175707588,unripe
stereo20190405_133623_p2_snap_058.jpg,50.96789715598966,53.0665756966389,37.53533467394427,35.00524274633726,84.15835966676242,53.788207411663315,0.9604517887650313,1.357864103786152,unripe
stereo20190406_054921_p0_snap_328.jpg,42.19592592592593,34.03987654320988,27.97753086419753,32.720987654320986,89.72913580246913,43.13098765432099,1.2396024255945404,1.5082071055045252,fully-ripe
stereo20190406_054921_p0_snap_328.jpg,35.31973140495868,36.79700413223141,27.92884814049587,35.51007231404959,63.57657541322314,36.978176652892564,0.9598531902082038,1.264632131656908,unripe
stereo20190406_054921_p0_snap_328.jpg,38.08746301775148,25.136556952662723,19.81000369822485,23.73890532544379,118.89219674556213,38.860207100591715,1.5152213541919999,1.9226368844542723,fully-ripe
stereo20190406_054921_p0_snap_328.jpg,27.32867973372781,18.617418639053255,14.42862426035503,23.578125,114.13424556213018,28.067307692307693,1.467908391838882,1.8940586642228303,fully-ripe
stereo20190406_054921_p0_snap_328.jpg,23.129068047337277,24.802422337278106,19.65735946745562,42.820543639053255,56.73271079881657,24.89265902366864,0.9325322505798853,1.1766105371132867,unripe
stereo20190406_054921_p0_snap_328.jpg,29.219652777777778,30.325,22.052777777777777,33.80340277777778,75.39625,30.459097222222223,0.9635496501988879,1.3249868031298033,unripe
stereo20190406_054921_p0_snap_328.jpg,23.882430555555555,25.110625,18.41625,37.38506944444445,71.85465277777777,25.203541666666666,0.9510882761648822,1.2968121950686813,unripe
stereo20190406_054921_p0_snap_328.jpg,37.514722222222225,38.31361111111111,32.685,50.09847222222222,61.406527777777775,40.43222222222222,0.9791484368817021,1.1477653585610719,unripe
stereo20190406_065607_p0_snap_323.jpg,30.80485135230563,31.4451309935739,20.348103947461336,33.11069133535767,106.84790975213615,32.12329637737448,0.9796378829594333,1.5138922178165262,unripe
stereo20190406_065607_p0_snap_323.jpg,13.894628099173554,14.24297520661157,6.42198347107438,31.68190082644628,155.50504132231404,14.802231404958677,0.9755418472753655,2.16360047106199,unripe
stereo20190406_065607_p0_snap_323.jpg,17.274710743801652,14.472148760330578,7.321322314049587,26.15512396694215,159.3005785123967,18.01099173553719,1.1936512741383898,2.359503708177759,semi-ripe
stereo20190406_065607_p0_snap_323.jpg,16.419198840942908,18.406120291330566,9.270342235100633,36.49361735453051,137.7210039940481,18.479638186232282,0.8920505603872901,1.7711515619411273,unripe
stereo20190406_065607_p0_snap_323.jpg,32.05098927514793,26.30300018491124,15.991817677514794,24.46773298816568,132.27031712278105,32.94138313609467,1.218529326104813,2.0042105206156653,fully-ripe
stereo20190406_065607_p0_snap_323.jpg,37.20107438016529,31.419421487603305,22.407107438016528,22.01289256198347,127.09809917355372,38.01322314049587,1.1840148792903258,1.660234721537583,fully-ripe
stereo20190406_065607_p0_snap_323.jpg,22.00688794378698,17.867904031065088,10.225822855029586,21.39644970414201,152.74486871301775,22.43562777366864,1.2316428154694437,2.1520875859967603,fully-ripe
stereo20190406_065607_p0_snap_323.jpg,29.4264,30.377,19.757,32.3172,99.7683,31.0414,0.9687062683259479,1.4894156555065772,unripe
stereo20190406_065607_p0_snap_323.jpg,28.64826989619377,30.541107266435986,17.92055363321799,34.59525951557094,120.68934256055363,31.039065743944636,0.9380229821414421,1.5986254942947578,unripe
stereo20190406_065118_p0_snap_144.jpg,35.00678638941399,45.63844990548204,27.36773156899811,50.20538752362949,111.36595463137996,45.64457466918714,0.7670457430402687,1.279125875299455,unripe
stereo20190406_065118_p0_snap_144.jpg,47.78423197826203,58.64290851936704,32.420094304438166,44.84037508657893,118.43470616442005,58.64615855932655,0.8148337972381287,1.4739074103386083,unripe
stereo20190406_065118_p0_snap_144.jpg,59.29043910677425,70.73727481703884,38.03390645524489,42.06177284668794,121.22058547569901,70.74406549071121,0.8381780451444847,1.5588833502471995,unripe
stereo20190406_065118_p0_snap_144.jpg,38.35021514923844,48.933115907383375,27.93984358991872,46.804350795710675,112.72290144115838,48.933115907383375,0.7837270650116362,1.372599001845736,unripe
stereo20190406_065118_p0_snap_144.jpg,73.75240670772735,83.67456394596553,47.416580404740955,41.36090264479064,113.91192226075255,83.76236996014698,0.8814195666577804,1.5554135394001927,unripe
stereo20190406_065607_p0_snap_167.jpg,46.268337673611114,50.1201171875,30.79926215277778,35.415256076388886,106.7578125,51.068359375,0.9231488479771949,1.502254256012936,unripe
stereo20190406_065607_p0_snap_167.jpg,21.47232910819375,23.921938660027163,12.356807378904481,36.669533725667726,127.46313377093708,24.011968085106382,0.8975994979904521,1.7376908996689748,unripe
stereo20190406_065607_p0_snap_167.jpg,41.91300154320987,45.81867283950617,22.370949074074073,35.55381944444444,137.56983024691357,45.94984567901235,0.9147578879563795,1.8735451352098387,unripe
stereo20190406_065607_p0_snap_167.jpg,26.4376,28.623075,15.4375,35.46645,121.260325,28.952,0.9236460709947932,1.7125559756722426,unripe
stereo20190406_065607_p0_snap_167.jpg,48.094883997620464,38.73483045806068,20.833729922665082,22.279595478881618,140.94824509220703,48.578375966686494,1.2416440452283306,2.3085093783520794,semi-ripe
stereo20190406_065607_p0_snap_167.jpg,43.1656751933373,48.708358120166565,28.068114217727544,37.44839381320642,113.0725758477097,48.946014277215944,0.8862065566812852,1.5378895596476767,unripe
stereo20190406_065607_p0_snap_167.jpg,32.5983,36.1503,17.2549,35.9135,137.8952,36.1744,0.901743304552575,1.8892187788867054,unripe
stereo20190406_065607_p0_snap_167.jpg,42.984290657439445,45.51273356401384,28.063771626297576,34.45695501730104,105.88543252595156,46.967750865051904,0.9444451661539999,1.5316642364819568,unripe
stereo20190406_065607_p0_snap_167.jpg,26.087331510981244,28.978461683476294,16.09136110849279,36.76154679988689,124.32639739843529,29.10019794514092,0.9002314475354615,1.6212000416305563,unripe
